taxon_id,scientific_name,common_name,is_final_species,model_label,model_display_name,modalities,image_backbone,sat_backbone,imagery_source,descriptor_source,fit_result_path,fit_result_exists,sat_backbone_data,lppd_test,lppd_null_test,lppd_oracle_test,lppd_test_norm,biolith_ap_test,biolith_roc_auc_test,lr_map_test,lr_precision_test,lr_recall_test,lr_f1_test,lr_mcc_test
00804e75-09ef-44e5-8984-85e365377d47,Antilocapra americana,pronghorn,False,original_sat_env,Original sat+env,"covariates,sat",,alphaearth,,,/data/vision/beery/scratch/esierra/text-sat-hab-mmocc/.cache2/.cache/fit_results/00804e75-09ef-44e5-8984-85e365377d47_modalities_covariates_sat_image_None_sat_alphaearth.pkl,True,,-504.5235290527344,-629.1326293945312,-604.9796752929688,5.1591660306983185,0.40589017976909636,0.8448818482312399,0.3254578960449121,0.6666666666666666,0.06779661016949153,0.12307692307692308,0.20064977294223676
00804e75-09ef-44e5-8984-85e365377d47,Antilocapra americana,pronghorn,False,refit_sentinel,Refit GRAFT Sentinel,"covariates,sat",dinov2_vitb14,graft_visdiff_sentinel,sentinel,visdiff,/data/vision/beery/scratch/esierra/text-sat-hab-mmocc/.cache2/.cache/fit_results/00804e75-09ef-44e5-8984-85e365377d47_modalities_covariates_sat_image_dinov2_vitb14_sat_graft_visdiff_sentinel.pkl,True,graft,-550.5588989257812,-629.0440063476562,-598.617431640625,2.579492045279022,0.3956934424605162,0.8443192207609537,0.3005325586152519,0.2727272727272727,0.05084745762711865,0.08571428571428572,0.09617545384257543
00804e75-09ef-44e5-8984-85e365377d47,Antilocapra americana,pronghorn,False,refit_naip,Refit GRAFT NAIP,"covariates,sat",dinov2_vitb14,graft_visdiff_naip,naip,visdiff,/data/vision/beery/scratch/esierra/text-sat-hab-mmocc/.cache2/.cache/fit_results/00804e75-09ef-44e5-8984-85e365377d47_modalities_covariates_sat_image_dinov2_vitb14_sat_graft_visdiff_naip.pkl,True,graft_naip,-549.2203369140625,-629.0440063476562,-598.617431640625,2.623485232964701,0.4194777288382687,0.8940150502848302,0.2845516665565852,0.25,0.01694915254237288,0.031746031746031744,0.05168840392852771
07843615-e1fc-49d8-9821-fd1d7ff2e773,Dasypus novemcinctus,nine-banded armadillo,True,original_sat_env,Original sat+env,"covariates,sat",,alphaearth,,,/data/vision/beery/scratch/esierra/text-sat-hab-mmocc/.cache2/.cache/fit_results/07843615-e1fc-49d8-9821-fd1d7ff2e773_modalities_covariates_sat_image_None_sat_alphaearth.pkl,True,,-3429.000732421875,-3498.285888671875,-2288.6533203125,0.05727785284747374,0.35472163043408517,0.5846111335155562,0.35256816907347877,0.3546099290780142,0.12919896640826872,0.1893939393939394,0.035079035582048404
07843615-e1fc-49d8-9821-fd1d7ff2e773,Dasypus novemcinctus,nine-banded armadillo,True,refit_sentinel,Refit GRAFT Sentinel,"covariates,sat",dinov2_vitb14,graft_visdiff_sentinel,sentinel,visdiff,/data/vision/beery/scratch/esierra/text-sat-hab-mmocc/.cache2/.cache/fit_results/07843615-e1fc-49d8-9821-fd1d7ff2e773_modalities_covariates_sat_image_dinov2_vitb14_sat_graft_visdiff_sentinel.pkl,True,graft,-3678.069580078125,-3498.2802734375,-2292.262451171875,-0.14907682400818326,0.3574695861584501,0.5701483174261774,0.35022015126431444,0.34269662921348315,0.15762273901808785,0.215929203539823,0.0295919881707507
07843615-e1fc-49d8-9821-fd1d7ff2e773,Dasypus novemcinctus,nine-banded armadillo,True,refit_naip,Refit GRAFT NAIP,"covariates,sat",dinov2_vitb14,graft_visdiff_naip,naip,visdiff,/data/vision/beery/scratch/esierra/text-sat-hab-mmocc/.cache2/.cache/fit_results/07843615-e1fc-49d8-9821-fd1d7ff2e773_modalities_covariates_sat_image_dinov2_vitb14_sat_graft_visdiff_naip.pkl,True,graft_naip,-3664.213134765625,-3498.2802734375,-2292.262451171875,-0.1375874039874498,0.369473598635907,0.557301608639154,0.35410099367079995,0.4342105263157895,0.08527131782945736,0.14254859611231102,0.06882067453100098
0f2e2c41-f1bb-4cdd-8e97-ba7cffba3e86,Lepus americanus,snowshoe hare,False,original_sat_env,Original sat+env,"covariates,sat",,alphaearth,,,/data/vision/beery/scratch/esierra/text-sat-hab-mmocc/.cache2/.cache/fit_results/0f2e2c41-f1bb-4cdd-8e97-ba7cffba3e86_modalities_covariates_sat_image_None_sat_alphaearth.pkl,True,,-1388.0772705078125,-1288.0169677734375,-753.3680419921875,-0.1871514145252662,0.1986758587086406,0.8217907106883044,0.2198084379155126,0.0,0.0,0.0,0.0
0f2e2c41-f1bb-4cdd-8e97-ba7cffba3e86,Lepus americanus,snowshoe hare,False,refit_sentinel,Refit GRAFT Sentinel,"covariates,sat",dinov2_vitb14,graft_visdiff_sentinel,sentinel,visdiff,/data/vision/beery/scratch/esierra/text-sat-hab-mmocc/.cache2/.cache/fit_results/0f2e2c41-f1bb-4cdd-8e97-ba7cffba3e86_modalities_covariates_sat_image_dinov2_vitb14_sat_graft_visdiff_sentinel.pkl,True,graft,-1208.7867431640625,-1289.316162109375,-672.7464599609375,0.13060878383207558,0.12979603547391083,0.7770714418951689,0.11770789939456737,0.0,0.0,0.0,0.0
0f2e2c41-f1bb-4cdd-8e97-ba7cffba3e86,Lepus americanus,snowshoe hare,False,refit_naip,Refit GRAFT NAIP,"covariates,sat",dinov2_vitb14,graft_visdiff_naip,naip,visdiff,/data/vision/beery/scratch/esierra/text-sat-hab-mmocc/.cache2/.cache/fit_results/0f2e2c41-f1bb-4cdd-8e97-ba7cffba3e86_modalities_covariates_sat_image_dinov2_vitb14_sat_graft_visdiff_naip.pkl,True,graft_naip,-1113.85546875,-1289.316162109375,-672.7464599609375,0.2845756006952371,0.14004064379148357,0.8127886588323073,0.1406488032643968,0.16666666666666666,0.013333333333333334,0.024691358024691357,0.03654914127531476
16ec4010-f175-4de7-8a99-85aadec3963b,Sciurus griseus,western gray squirrel,True,original_sat_env,Original sat+env,"covariates,sat",,alphaearth,,,/data/vision/beery/scratch/esierra/text-sat-hab-mmocc/.cache2/.cache/fit_results/16ec4010-f175-4de7-8a99-85aadec3963b_modalities_covariates_sat_image_None_sat_alphaearth.pkl,True,,-433.3375244140625,-385.7362976074219,-301.9948425292969,-0.5684308537776417,0.22505413881991637,0.6130272952853598,0.35421641314031227,0.0,0.0,0.0,0.0
16ec4010-f175-4de7-8a99-85aadec3963b,Sciurus griseus,western gray squirrel,True,refit_sentinel,Refit GRAFT Sentinel,"covariates,sat",dinov2_vitb14,graft_visdiff_sentinel,sentinel,visdiff,/data/vision/beery/scratch/esierra/text-sat-hab-mmocc/.cache2/.cache/fit_results/16ec4010-f175-4de7-8a99-85aadec3963b_modalities_covariates_sat_image_dinov2_vitb14_sat_graft_visdiff_sentinel.pkl,True,graft,-356.521728515625,-385.1676025390625,-304.739013671875,0.3561653191595927,0.45915156150821707,0.873697270471464,0.4421004395085606,0.0,0.0,0.0,0.0
16ec4010-f175-4de7-8a99-85aadec3963b,Sciurus griseus,western gray squirrel,True,refit_naip,Refit GRAFT NAIP,"covariates,sat",dinov2_vitb14,graft_visdiff_naip,naip,visdiff,/data/vision/beery/scratch/esierra/text-sat-hab-mmocc/.cache2/.cache/fit_results/16ec4010-f175-4de7-8a99-85aadec3963b_modalities_covariates_sat_image_dinov2_vitb14_sat_graft_visdiff_naip.pkl,True,graft_naip,-358.3130798339844,-385.1676025390625,-304.739013671875,0.333892749870612,0.383870743796179,0.823697270471464,0.3883900465331704,0.0,0.0,0.0,0.0
1db1c6e2-2ea9-45a6-ab69-a730133298eb,Tamias striatus,eastern chipmunk,True,original_sat_env,Original sat+env,"covariates,sat",,alphaearth,,,/data/vision/beery/scratch/esierra/text-sat-hab-mmocc/.cache2/.cache/fit_results/1db1c6e2-2ea9-45a6-ab69-a730133298eb_modalities_covariates_sat_image_None_sat_alphaearth.pkl,True,,-3812.78759765625,-4388.4580078125,-2136.755859375,0.2556601060916156,0.2182150759456376,0.706561694566616,0.257354955575981,0.0,0.0,0.0,0.0
1db1c6e2-2ea9-45a6-ab69-a730133298eb,Tamias striatus,eastern chipmunk,True,refit_sentinel,Refit GRAFT Sentinel,"covariates,sat",dinov2_vitb14,graft_visdiff_sentinel,sentinel,visdiff,/data/vision/beery/scratch/esierra/text-sat-hab-mmocc/.cache2/.cache/fit_results/1db1c6e2-2ea9-45a6-ab69-a730133298eb_modalities_covariates_sat_image_dinov2_vitb14_sat_graft_visdiff_sentinel.pkl,True,graft,-3984.246337890625,-4390.3291015625,-2169.80615234375,0.18287708479425882,0.2195918117241063,0.7185924749092696,0.22080546579033564,0.1695906432748538,0.08605341246290801,0.1141732283464567,0.027520928061395483
1db1c6e2-2ea9-45a6-ab69-a730133298eb,Tamias striatus,eastern chipmunk,True,refit_naip,Refit GRAFT NAIP,"covariates,sat",dinov2_vitb14,graft_visdiff_naip,naip,visdiff,/data/vision/beery/scratch/esierra/text-sat-hab-mmocc/.cache2/.cache/fit_results/1db1c6e2-2ea9-45a6-ab69-a730133298eb_modalities_covariates_sat_image_dinov2_vitb14_sat_graft_visdiff_naip.pkl,True,graft_naip,-3869.28076171875,-4390.3291015625,-2169.80615234375,0.23465118431992393,0.21494945409513175,0.7194033150385097,0.20996919808213269,0.14342629482071714,0.10682492581602374,0.12244897959183673,0.008333776462061666
41930eb4-2283-445a-8758-1f0b2ff43cf9,Spilogale putorius,eastern spotted skunk,False,original_sat_env,Original sat+env,"covariates,sat",,alphaearth,,,/data/vision/beery/scratch/esierra/text-sat-hab-mmocc/.cache2/.cache/fit_results/41930eb4-2283-445a-8758-1f0b2ff43cf9_modalities_covariates_sat_image_None_sat_alphaearth.pkl,True,,-42.7557373046875,-44.9064826965332,-44.777679443359375,16.697912039093737,0.01815303758521808,0.9050436580882353,0.046319693628486557,0.045454545454545456,0.5,0.08333333333333333,0.14628684458650643
41930eb4-2283-445a-8758-1f0b2ff43cf9,Spilogale putorius,eastern spotted skunk,False,refit_sentinel,Refit GRAFT Sentinel,"covariates,sat",dinov2_vitb14,graft_visdiff_sentinel,sentinel,visdiff,/data/vision/beery/scratch/esierra/text-sat-hab-mmocc/.cache2/.cache/fit_results/41930eb4-2283-445a-8758-1f0b2ff43cf9_modalities_covariates_sat_image_dinov2_vitb14_sat_graft_visdiff_sentinel.pkl,True,graft,-46.21807098388672,-44.9925537109375,-44.927978515625,-18.9781427221172,0.017140149697984775,0.5882352941176471,0.0035520467567649447,0.0,0.0,0.0,-0.0033208003844160386
41930eb4-2283-445a-8758-1f0b2ff43cf9,Spilogale putorius,eastern spotted skunk,False,refit_naip,Refit GRAFT NAIP,"covariates,sat",dinov2_vitb14,graft_visdiff_naip,naip,visdiff,/data/vision/beery/scratch/esierra/text-sat-hab-mmocc/.cache2/.cache/fit_results/41930eb4-2283-445a-8758-1f0b2ff43cf9_modalities_covariates_sat_image_dinov2_vitb14_sat_graft_visdiff_naip.pkl,True,graft_naip,-47.76457977294922,-44.9925537109375,-44.927978515625,-42.92710302457467,0.0034947226283121658,0.6468864889705882,0.02593520613869222,0.0,0.0,0.0,0.0
43320a08-bf31-49a5-8213-f032311c5765,Castor canadensis,american beaver,False,original_sat_env,Original sat+env,"covariates,sat",,alphaearth,,,/data/vision/beery/scratch/esierra/text-sat-hab-mmocc/.cache2/.cache/fit_results/43320a08-bf31-49a5-8213-f032311c5765_modalities_covariates_sat_image_None_sat_alphaearth.pkl,True,,-287.8675231933594,-312.3160705566406,-296.8301086425781,1.5787554882903334,0.02347225122850728,0.7845435523868568,0.02172260006766138,0.0,0.0,0.0,0.0
43320a08-bf31-49a5-8213-f032311c5765,Castor canadensis,american beaver,False,refit_sentinel,Refit GRAFT Sentinel,"covariates,sat",dinov2_vitb14,graft_visdiff_sentinel,sentinel,visdiff,/data/vision/beery/scratch/esierra/text-sat-hab-mmocc/.cache2/.cache/fit_results/43320a08-bf31-49a5-8213-f032311c5765_modalities_covariates_sat_image_dinov2_vitb14_sat_graft_visdiff_sentinel.pkl,True,graft,-324.4307556152344,-312.82769775390625,-298.7142333984375,-0.8221268406599347,0.009938871292107325,0.5695714507129571,0.00790950832074494,0.0,0.0,0.0,0.0
43320a08-bf31-49a5-8213-f032311c5765,Castor canadensis,american beaver,False,refit_naip,Refit GRAFT NAIP,"covariates,sat",dinov2_vitb14,graft_visdiff_naip,naip,visdiff,/data/vision/beery/scratch/esierra/text-sat-hab-mmocc/.cache2/.cache/fit_results/43320a08-bf31-49a5-8213-f032311c5765_modalities_covariates_sat_image_dinov2_vitb14_sat_graft_visdiff_naip.pkl,True,graft_naip,-298.6548156738281,-312.82769775390625,-298.7142333984375,1.004210002810993,0.011740334486271485,0.6515324705517669,0.007628650815313041,0.0,0.0,0.0,0.0
436ddfdd-bc43-44c3-a25d-34671d3430a0,Ursus americanus,american black bear,True,original_sat_env,Original sat+env,"covariates,sat",,alphaearth,,,/data/vision/beery/scratch/esierra/text-sat-hab-mmocc/.cache2/.cache/fit_results/436ddfdd-bc43-44c3-a25d-34671d3430a0_modalities_covariates_sat_image_None_sat_alphaearth.pkl,True,,-2915.734619140625,-3254.254150390625,-1950.6728515625,0.25968424950121444,0.37015265840756595,0.8052738046497705,0.3470526715582092,0.49375,0.2206703910614525,0.305019305019305,0.2719373703149104
436ddfdd-bc43-44c3-a25d-34671d3430a0,Ursus americanus,american black bear,True,refit_sentinel,Refit GRAFT Sentinel,"covariates,sat",dinov2_vitb14,graft_visdiff_sentinel,sentinel,visdiff,/data/vision/beery/scratch/esierra/text-sat-hab-mmocc/.cache2/.cache/fit_results/436ddfdd-bc43-44c3-a25d-34671d3430a0_modalities_covariates_sat_image_dinov2_vitb14_sat_graft_visdiff_sentinel.pkl,True,graft,-3181.697509765625,-3254.26220703125,-1907.0323486328125,0.05386215040682709,0.2682588035992675,0.7728873084424017,0.22296376211205443,0.24449877750611246,0.27932960893854747,0.2607561929595828,0.1489324804862962
436ddfdd-bc43-44c3-a25d-34671d3430a0,Ursus americanus,american black bear,True,refit_naip,Refit GRAFT NAIP,"covariates,sat",dinov2_vitb14,graft_visdiff_naip,naip,visdiff,/data/vision/beery/scratch/esierra/text-sat-hab-mmocc/.cache2/.cache/fit_results/436ddfdd-bc43-44c3-a25d-34671d3430a0_modalities_covariates_sat_image_dinov2_vitb14_sat_graft_visdiff_naip.pkl,True,graft_naip,-3204.219482421875,-3254.26220703125,-1907.0323486328125,0.037144904633322845,0.2481135299896099,0.7566508622017953,0.20541891209417862,0.23684210526315788,0.25139664804469275,0.24390243902439024,0.13368528413028524
5acf63fb-339d-42b1-af7e-95f6151ae5fb,Pecari tajacu,collared peccary,True,original_sat_env,Original sat+env,"covariates,sat",,alphaearth,,,/data/vision/beery/scratch/esierra/text-sat-hab-mmocc/.cache2/.cache/fit_results/5acf63fb-339d-42b1-af7e-95f6151ae5fb_modalities_covariates_sat_image_None_sat_alphaearth.pkl,True,,-491.2453918457031,-527.4453125,-333.00189208984375,0.18617200097559108,0.408938642910563,0.7089171974522293,0.40392557768762616,0.0,0.0,0.0,0.0
5acf63fb-339d-42b1-af7e-95f6151ae5fb,Pecari tajacu,collared peccary,True,refit_sentinel,Refit GRAFT Sentinel,"covariates,sat",dinov2_vitb14,graft_visdiff_sentinel,sentinel,visdiff,/data/vision/beery/scratch/esierra/text-sat-hab-mmocc/.cache2/.cache/fit_results/5acf63fb-339d-42b1-af7e-95f6151ae5fb_modalities_covariates_sat_image_dinov2_vitb14_sat_graft_visdiff_sentinel.pkl,True,graft,-476.6461181640625,-527.4459838867188,-332.0203857421875,0.25994478822107075,0.5496457597400847,0.7839490445859872,0.4816221988689003,0.6666666666666666,0.16,0.25806451612903225,0.24638891274838387
5acf63fb-339d-42b1-af7e-95f6151ae5fb,Pecari tajacu,collared peccary,True,refit_naip,Refit GRAFT NAIP,"covariates,sat",dinov2_vitb14,graft_visdiff_naip,naip,visdiff,/data/vision/beery/scratch/esierra/text-sat-hab-mmocc/.cache2/.cache/fit_results/5acf63fb-339d-42b1-af7e-95f6151ae5fb_modalities_covariates_sat_image_dinov2_vitb14_sat_graft_visdiff_naip.pkl,True,graft_naip,-476.5915832519531,-527.4459838867188,-332.0203857421875,0.2602238453795349,0.49653773303521576,0.7777070063694268,0.4816221988689003,0.6666666666666666,0.16,0.25806451612903225,0.24638891274838387
5c7ce479-8a45-40b3-ae21-7c97dfae22f5,Odocoileus virginianus,white-tailed deer,True,original_sat_env,Original sat+env,"covariates,sat",,alphaearth,,,/data/vision/beery/scratch/esierra/text-sat-hab-mmocc/.cache2/.cache/fit_results/5c7ce479-8a45-40b3-ae21-7c97dfae22f5_modalities_covariates_sat_image_None_sat_alphaearth.pkl,True,,-14127.1572265625,-16769.033203125,-9398.0078125,0.3584136312869886,0.9264034731511737,0.8222307240000478,0.8985823555137087,0.8958509737510584,0.8440366972477065,0.869172314643664,0.4790843974242746
5c7ce479-8a45-40b3-ae21-7c97dfae22f5,Odocoileus virginianus,white-tailed deer,True,refit_sentinel,Refit GRAFT Sentinel,"covariates,sat",dinov2_vitb14,graft_visdiff_sentinel,sentinel,visdiff,/data/vision/beery/scratch/esierra/text-sat-hab-mmocc/.cache2/.cache/fit_results/5c7ce479-8a45-40b3-ae21-7c97dfae22f5_modalities_covariates_sat_image_dinov2_vitb14_sat_graft_visdiff_sentinel.pkl,True,graft,-15204.3076171875,-16767.869140625,-9401.537109375,0.2122578125455713,0.8879885905333513,0.7677913286938262,0.8910742434505429,0.8842934515017233,0.7163940965297168,0.7915381225209344,0.3428669086681694
5c7ce479-8a45-40b3-ae21-7c97dfae22f5,Odocoileus virginianus,white-tailed deer,True,refit_naip,Refit GRAFT NAIP,"covariates,sat",dinov2_vitb14,graft_visdiff_naip,naip,visdiff,/data/vision/beery/scratch/esierra/text-sat-hab-mmocc/.cache2/.cache/fit_results/5c7ce479-8a45-40b3-ae21-7c97dfae22f5_modalities_covariates_sat_image_dinov2_vitb14_sat_graft_visdiff_naip.pkl,True,graft_naip,-14834.9189453125,-16767.869140625,-9401.537109375,0.2624033490633324,0.8939989014544987,0.7779601312510259,0.8985755521753135,0.8875482625482626,0.7335460710011966,0.8032321467569338,0.36268407201236935
667a4650-a141-4c4e-844e-58cdeaeb4ae1,Sylvilagus floridanus,eastern cottontail,True,original_sat_env,Original sat+env,"covariates,sat",,alphaearth,,,/data/vision/beery/scratch/esierra/text-sat-hab-mmocc/.cache2/.cache/fit_results/667a4650-a141-4c4e-844e-58cdeaeb4ae1_modalities_covariates_sat_image_None_sat_alphaearth.pkl,True,,-5352.04150390625,-5478.15869140625,-3142.542236328125,0.05399738780988399,0.2771838532656561,0.6944864493500389,0.27235814885512205,0.2857142857142857,0.0074487895716946,0.014519056261343012,0.02013105035580264
667a4650-a141-4c4e-844e-58cdeaeb4ae1,Sylvilagus floridanus,eastern cottontail,True,refit_sentinel,Refit GRAFT Sentinel,"covariates,sat",dinov2_vitb14,graft_visdiff_sentinel,sentinel,visdiff,/data/vision/beery/scratch/esierra/text-sat-hab-mmocc/.cache2/.cache/fit_results/667a4650-a141-4c4e-844e-58cdeaeb4ae1_modalities_covariates_sat_image_dinov2_vitb14_sat_graft_visdiff_sentinel.pkl,True,graft,-5703.10498046875,-5477.6904296875,-3180.15771484375,-0.09811157391792784,0.2282587104163426,0.6330173021641265,0.23429292895152243,0.0,0.0,0.0,-0.02318369546387775
667a4650-a141-4c4e-844e-58cdeaeb4ae1,Sylvilagus floridanus,eastern cottontail,True,refit_naip,Refit GRAFT NAIP,"covariates,sat",dinov2_vitb14,graft_visdiff_naip,naip,visdiff,/data/vision/beery/scratch/esierra/text-sat-hab-mmocc/.cache2/.cache/fit_results/667a4650-a141-4c4e-844e-58cdeaeb4ae1_modalities_covariates_sat_image_dinov2_vitb14_sat_graft_visdiff_naip.pkl,True,graft_naip,-5591.82080078125,-5477.6904296875,-3180.15771484375,-0.049675188673651484,0.23795771117926265,0.6476418795537959,0.2378677214504481,0.26666666666666666,0.0148975791433892,0.02821869488536155,0.024571886173956038
819ea972-9d43-40f8-a47d-f415c816de94,Martes americana,american marten,False,original_sat_env,Original sat+env,"covariates,sat",,alphaearth,,,/data/vision/beery/scratch/esierra/text-sat-hab-mmocc/.cache2/.cache/fit_results/819ea972-9d43-40f8-a47d-f415c816de94_modalities_covariates_sat_image_None_sat_alphaearth.pkl,True,,-56.69847869873047,-46.268733978271484,-45.88753128051758,-27.360102071450015,0.04464249652015949,0.8857142857142857,0.14782163134531726,0.0,0.0,0.0,0.0
819ea972-9d43-40f8-a47d-f415c816de94,Martes americana,american marten,False,refit_sentinel,Refit GRAFT Sentinel,"covariates,sat",dinov2_vitb14,graft_visdiff_sentinel,sentinel,visdiff,/data/vision/beery/scratch/esierra/text-sat-hab-mmocc/.cache2/.cache/fit_results/819ea972-9d43-40f8-a47d-f415c816de94_modalities_covariates_sat_image_dinov2_vitb14_sat_graft_visdiff_sentinel.pkl,True,graft,-69.3329086303711,-46.26873016357422,-45.649871826171875,-37.268914504099115,0.023952903690719132,0.8326118326118326,0.03615144499062728,0.0,0.0,0.0,-0.022823214900856082
819ea972-9d43-40f8-a47d-f415c816de94,Martes americana,american marten,False,refit_naip,Refit GRAFT NAIP,"covariates,sat",dinov2_vitb14,graft_visdiff_naip,naip,visdiff,/data/vision/beery/scratch/esierra/text-sat-hab-mmocc/.cache2/.cache/fit_results/819ea972-9d43-40f8-a47d-f415c816de94_modalities_covariates_sat_image_dinov2_vitb14_sat_graft_visdiff_naip.pkl,True,graft_naip,-69.47917938232422,-46.26873016357422,-45.649871826171875,-37.50527029525982,0.017896341992254823,0.767965367965368,0.03375915228596605,0.0,0.0,0.0,-0.016028543399253116
86f5b978-4f30-40cc-bd08-be9e3fba27a0,Sciurus carolinensis,eastern gray squirrel,True,original_sat_env,Original sat+env,"covariates,sat",,alphaearth,,,/data/vision/beery/scratch/esierra/text-sat-hab-mmocc/.cache2/.cache/fit_results/86f5b978-4f30-40cc-bd08-be9e3fba27a0_modalities_covariates_sat_image_None_sat_alphaearth.pkl,True,,-10284.154296875,-12743.1767578125,-6042.35546875,0.36697329399774775,0.7674969718569562,0.8168969635646348,0.7571375947025961,0.7529843893480257,0.5869720830350752,0.6596942880128721,0.4149669616512416
86f5b978-4f30-40cc-bd08-be9e3fba27a0,Sciurus carolinensis,eastern gray squirrel,True,refit_sentinel,Refit GRAFT Sentinel,"covariates,sat",dinov2_vitb14,graft_visdiff_sentinel,sentinel,visdiff,/data/vision/beery/scratch/esierra/text-sat-hab-mmocc/.cache2/.cache/fit_results/86f5b978-4f30-40cc-bd08-be9e3fba27a0_modalities_covariates_sat_image_dinov2_vitb14_sat_graft_visdiff_sentinel.pkl,True,graft,-10865.296875,-12743.17578125,-6061.72607421875,0.2810586008413424,0.7780253877835843,0.8098752771171112,0.7804464740231752,0.7532833020637899,0.5748031496062992,0.6520503451075924,0.4083821238877187
86f5b978-4f30-40cc-bd08-be9e3fba27a0,Sciurus carolinensis,eastern gray squirrel,True,refit_naip,Refit GRAFT NAIP,"covariates,sat",dinov2_vitb14,graft_visdiff_naip,naip,visdiff,/data/vision/beery/scratch/esierra/text-sat-hab-mmocc/.cache2/.cache/fit_results/86f5b978-4f30-40cc-bd08-be9e3fba27a0_modalities_covariates_sat_image_dinov2_vitb14_sat_graft_visdiff_naip.pkl,True,graft_naip,-11261.236328125,-12743.17578125,-6061.72607421875,0.22179908823761335,0.7311253327075886,0.7864239893023377,0.7305292517096108,0.7370600414078675,0.5096635647816751,0.6026237833262802,0.3551752966676457
87be3a5c-e60a-4e7e-88c7-21544914d067,Didelphis virginiana,virginia opossum,True,original_sat_env,Original sat+env,"covariates,sat",,alphaearth,,,/data/vision/beery/scratch/esierra/text-sat-hab-mmocc/.cache2/.cache/fit_results/87be3a5c-e60a-4e7e-88c7-21544914d067_modalities_covariates_sat_image_None_sat_alphaearth.pkl,True,,-9083.0615234375,-8642.29296875,-5326.3603515625,-0.13292446064882646,0.40532509807117556,0.645844433936312,0.3929693295289106,0.34285714285714286,0.025613660618996798,0.047666335650446874,0.009010799874053699
87be3a5c-e60a-4e7e-88c7-21544914d067,Didelphis virginiana,virginia opossum,True,refit_sentinel,Refit GRAFT Sentinel,"covariates,sat",dinov2_vitb14,graft_visdiff_sentinel,sentinel,visdiff,/data/vision/beery/scratch/esierra/text-sat-hab-mmocc/.cache2/.cache/fit_results/87be3a5c-e60a-4e7e-88c7-21544914d067_modalities_covariates_sat_image_dinov2_vitb14_sat_graft_visdiff_sentinel.pkl,True,graft,-8564.7490234375,-8641.0517578125,-5284.64453125,0.022733455514915648,0.4039017438192614,0.6391396259046388,0.4134479926665902,0.4689655172413793,0.07257203842049093,0.1256931608133087,0.0746416633716584
87be3a5c-e60a-4e7e-88c7-21544914d067,Didelphis virginiana,virginia opossum,True,refit_naip,Refit GRAFT NAIP,"covariates,sat",dinov2_vitb14,graft_visdiff_naip,naip,visdiff,/data/vision/beery/scratch/esierra/text-sat-hab-mmocc/.cache2/.cache/fit_results/87be3a5c-e60a-4e7e-88c7-21544914d067_modalities_covariates_sat_image_dinov2_vitb14_sat_graft_visdiff_naip.pkl,True,graft_naip,-8893.427734375,-8641.0517578125,-5284.64453125,-0.07519229924343046,0.3902749246441656,0.6270052751643327,0.39903015958986393,0.42424242424242425,0.044823906083244394,0.08108108108108109,0.04330197983065864
94d8284e-6193-43b5-b80c-9029cf951675,Meleagris gallopavo,,False,original_sat_env,Original sat+env,"covariates,sat",,alphaearth,,,/data/vision/beery/scratch/esierra/text-sat-hab-mmocc/.cache2/.cache/fit_results/94d8284e-6193-43b5-b80c-9029cf951675_modalities_covariates_sat_image_None_sat_alphaearth.pkl,True,,-4828.24951171875,-4801.458984375,-2893.936279296875,-0.014044670227216383,0.27111734109668406,0.6745502236453276,0.2827022585753851,0.37222222222222223,0.122040072859745,0.18381344307270234,0.1311554974546277
94d8284e-6193-43b5-b80c-9029cf951675,Meleagris gallopavo,,False,refit_sentinel,Refit GRAFT Sentinel,"covariates,sat",dinov2_vitb14,graft_visdiff_sentinel,sentinel,visdiff,/data/vision/beery/scratch/esierra/text-sat-hab-mmocc/.cache2/.cache/fit_results/94d8284e-6193-43b5-b80c-9029cf951675_modalities_covariates_sat_image_dinov2_vitb14_sat_graft_visdiff_sentinel.pkl,True,graft,-5459.099609375,-4801.73095703125,-2924.00341796875,-0.3500873468958957,0.23010815606025636,0.5964965501194827,0.228370939053262,0.16842105263157894,0.029143897996357013,0.049689440993788817,-0.0004256688915257496
94d8284e-6193-43b5-b80c-9029cf951675,Meleagris gallopavo,,False,refit_naip,Refit GRAFT NAIP,"covariates,sat",dinov2_vitb14,graft_visdiff_naip,naip,visdiff,/data/vision/beery/scratch/esierra/text-sat-hab-mmocc/.cache2/.cache/fit_results/94d8284e-6193-43b5-b80c-9029cf951675_modalities_covariates_sat_image_dinov2_vitb14_sat_graft_visdiff_naip.pkl,True,graft_naip,-5335.0556640625,-4801.73095703125,-2924.00341796875,-0.2840266736981048,0.2203444699866044,0.5751509851148866,0.22525889842368343,0.2033898305084746,0.04371584699453552,0.07196401799100449,0.017644534638460635
96fe1a07-7ef1-4a2f-99e1-ec2c9a78b532,Ardea herodias,great blue heron,False,original_sat_env,Original sat+env,"covariates,sat",,alphaearth,,,/data/vision/beery/scratch/esierra/text-sat-hab-mmocc/.cache2/.cache/fit_results/96fe1a07-7ef1-4a2f-99e1-ec2c9a78b532_modalities_covariates_sat_image_None_sat_alphaearth.pkl,True,,-457.38311767578125,-461.35235595703125,-437.3038635253906,0.16505143898449406,0.015075708288772492,0.6292812827558855,0.012978145423915113,0.0,0.0,0.0,0.0
96fe1a07-7ef1-4a2f-99e1-ec2c9a78b532,Ardea herodias,great blue heron,False,refit_sentinel,Refit GRAFT Sentinel,"covariates,sat",dinov2_vitb14,graft_visdiff_sentinel,sentinel,visdiff,/data/vision/beery/scratch/esierra/text-sat-hab-mmocc/.cache2/.cache/fit_results/96fe1a07-7ef1-4a2f-99e1-ec2c9a78b532_modalities_covariates_sat_image_dinov2_vitb14_sat_graft_visdiff_sentinel.pkl,True,graft,-445.32000732421875,-461.2955627441406,-434.4856262207031,0.5958818815537252,0.016731479853288045,0.60043249572698,0.012178440067247354,0.0,0.0,0.0,0.0
96fe1a07-7ef1-4a2f-99e1-ec2c9a78b532,Ardea herodias,great blue heron,False,refit_naip,Refit GRAFT NAIP,"covariates,sat",dinov2_vitb14,graft_visdiff_naip,naip,visdiff,/data/vision/beery/scratch/esierra/text-sat-hab-mmocc/.cache2/.cache/fit_results/96fe1a07-7ef1-4a2f-99e1-ec2c9a78b532_modalities_covariates_sat_image_dinov2_vitb14_sat_graft_visdiff_naip.pkl,True,graft_naip,-450.1934814453125,-461.2955627441406,-434.4856262207031,0.41410322956649226,0.011878871259475413,0.5481316751182753,0.010616725168125582,0.0,0.0,0.0,-0.008382151690992361
aaf3b049-36e6-46dd-9a07-8a580e9618b7,Canis latrans,coyote,True,original_sat_env,Original sat+env,"covariates,sat",,alphaearth,,,/data/vision/beery/scratch/esierra/text-sat-hab-mmocc/.cache2/.cache/fit_results/aaf3b049-36e6-46dd-9a07-8a580e9618b7_modalities_covariates_sat_image_None_sat_alphaearth.pkl,True,,-9392.333984375,-9278.3134765625,-5435.07763671875,-0.029667840477136994,0.4721156647915961,0.5814777156414166,0.46911757871689547,0.6132075471698113,0.10196078431372549,0.17484868863483524,0.11909413274326586
aaf3b049-36e6-46dd-9a07-8a580e9618b7,Canis latrans,coyote,True,refit_sentinel,Refit GRAFT Sentinel,"covariates,sat",dinov2_vitb14,graft_visdiff_sentinel,sentinel,visdiff,/data/vision/beery/scratch/esierra/text-sat-hab-mmocc/.cache2/.cache/fit_results/aaf3b049-36e6-46dd-9a07-8a580e9618b7_modalities_covariates_sat_image_dinov2_vitb14_sat_graft_visdiff_sentinel.pkl,True,graft,-9505.150390625,-9277.57421875,-5468.41455078125,-0.05974445591994728,0.44308981767575,0.5302335596160173,0.38855479782829544,0.5384615384615384,0.010980392156862745,0.021521906225980016,0.026724431937902096
aaf3b049-36e6-46dd-9a07-8a580e9618b7,Canis latrans,coyote,True,refit_naip,Refit GRAFT NAIP,"covariates,sat",dinov2_vitb14,graft_visdiff_naip,naip,visdiff,/data/vision/beery/scratch/esierra/text-sat-hab-mmocc/.cache2/.cache/fit_results/aaf3b049-36e6-46dd-9a07-8a580e9618b7_modalities_covariates_sat_image_dinov2_vitb14_sat_graft_visdiff_naip.pkl,True,graft_naip,-9418.5537109375,-9277.57421875,-5468.41455078125,-0.037010654442500145,0.44608346333919024,0.5384646670055923,0.3927576288356309,0.5428571428571428,0.014901960784313726,0.02900763358778626,0.031990264929486284
ac0e8ba7-7261-4d17-8645-11ed3d02165a,Vulpes vulpes,red fox,True,original_sat_env,Original sat+env,"covariates,sat",,alphaearth,,,/data/vision/beery/scratch/esierra/text-sat-hab-mmocc/.cache2/.cache/fit_results/ac0e8ba7-7261-4d17-8645-11ed3d02165a_modalities_covariates_sat_image_None_sat_alphaearth.pkl,True,,-4389.236328125,-5081.09130859375,-2655.75341796875,0.28526127561156506,0.35960332947982876,0.774278009556623,0.35756021134252386,0.5497835497835498,0.2803532008830022,0.3713450292397661,0.3275913025093544
ac0e8ba7-7261-4d17-8645-11ed3d02165a,Vulpes vulpes,red fox,True,refit_sentinel,Refit GRAFT Sentinel,"covariates,sat",dinov2_vitb14,graft_visdiff_sentinel,sentinel,visdiff,/data/vision/beery/scratch/esierra/text-sat-hab-mmocc/.cache2/.cache/fit_results/ac0e8ba7-7261-4d17-8645-11ed3d02165a_modalities_covariates_sat_image_dinov2_vitb14_sat_graft_visdiff_sentinel.pkl,True,graft,-3949.213623046875,-5081.6376953125,-2765.696044921875,0.4889691724636592,0.40778846376080424,0.8251974605375739,0.3953793318985714,0.5111111111111111,0.25386313465783666,0.3392330383480826,0.29252618576365724
ac0e8ba7-7261-4d17-8645-11ed3d02165a,Vulpes vulpes,red fox,True,refit_naip,Refit GRAFT NAIP,"covariates,sat",dinov2_vitb14,graft_visdiff_naip,naip,visdiff,/data/vision/beery/scratch/esierra/text-sat-hab-mmocc/.cache2/.cache/fit_results/ac0e8ba7-7261-4d17-8645-11ed3d02165a_modalities_covariates_sat_image_dinov2_vitb14_sat_graft_visdiff_naip.pkl,True,graft_naip,-4163.89404296875,-5081.6376953125,-2765.696044921875,0.39627235521627074,0.3769907104415329,0.8100128461149407,0.36761488617774324,0.4691358024691358,0.16777041942604856,0.24715447154471545,0.21789885163423175
b57debc1-dff2-48d3-a400-f2b5021e71b0,Procyon lotor,northern raccoon,True,original_sat_env,Original sat+env,"covariates,sat",,alphaearth,,,/data/vision/beery/scratch/esierra/text-sat-hab-mmocc/.cache2/.cache/fit_results/b57debc1-dff2-48d3-a400-f2b5021e71b0_modalities_covariates_sat_image_None_sat_alphaearth.pkl,True,,-11732.8193359375,-14259.4296875,-7156.525390625,0.35571510553424035,0.7580747905656094,0.7675683988160551,0.7536126965387646,0.7428571428571429,0.5209192692987625,0.6124004156563907,0.3389474418236137
b57debc1-dff2-48d3-a400-f2b5021e71b0,Procyon lotor,northern raccoon,True,refit_sentinel,Refit GRAFT Sentinel,"covariates,sat",dinov2_vitb14,graft_visdiff_sentinel,sentinel,visdiff,/data/vision/beery/scratch/esierra/text-sat-hab-mmocc/.cache2/.cache/fit_results/b57debc1-dff2-48d3-a400-f2b5021e71b0_modalities_covariates_sat_image_dinov2_vitb14_sat_graft_visdiff_sentinel.pkl,True,graft,-13195.14453125,-14254.7763671875,-7225.18603515625,0.15073877507614472,0.6685730196170826,0.6956181976270903,0.6549875759606665,0.6576787807737398,0.3305833824395993,0.44,0.16493512642181554
b57debc1-dff2-48d3-a400-f2b5021e71b0,Procyon lotor,northern raccoon,True,refit_naip,Refit GRAFT NAIP,"covariates,sat",dinov2_vitb14,graft_visdiff_naip,naip,visdiff,/data/vision/beery/scratch/esierra/text-sat-hab-mmocc/.cache2/.cache/fit_results/b57debc1-dff2-48d3-a400-f2b5021e71b0_modalities_covariates_sat_image_dinov2_vitb14_sat_graft_visdiff_naip.pkl,True,graft_naip,-13624.6669921875,-14254.7763671875,-7225.18603515625,0.08963671355481756,0.678725342233517,0.6933249693468262,0.6593059899180735,0.6923950056753689,0.3594578668238067,0.4732350659425912,0.21079412169684916
ba76d46e-25de-45e2-90a8-bd279b650f7c,Lynx rufus,bobcat,True,original_sat_env,Original sat+env,"covariates,sat",,alphaearth,,,/data/vision/beery/scratch/esierra/text-sat-hab-mmocc/.cache2/.cache/fit_results/ba76d46e-25de-45e2-90a8-bd279b650f7c_modalities_covariates_sat_image_None_sat_alphaearth.pkl,True,,-4025.716796875,-4200.3359375,-2676.748779296875,0.11461053585601286,0.3209899119640143,0.7126406362390239,0.26314514846463516,0.22826086956521738,0.04093567251461988,0.06942148760330578,0.03279031832001724
ba76d46e-25de-45e2-90a8-bd279b650f7c,Lynx rufus,bobcat,True,refit_sentinel,Refit GRAFT Sentinel,"covariates,sat",dinov2_vitb14,graft_visdiff_sentinel,sentinel,visdiff,/data/vision/beery/scratch/esierra/text-sat-hab-mmocc/.cache2/.cache/fit_results/ba76d46e-25de-45e2-90a8-bd279b650f7c_modalities_covariates_sat_image_dinov2_vitb14_sat_graft_visdiff_sentinel.pkl,True,graft,-3877.0400390625,-4202.38671875,-2686.319091796875,0.21459905475414476,0.28597121679912163,0.7052833725125484,0.2658434407387863,0.22,0.021442495126705652,0.03907637655417407,0.021180877429793594
ba76d46e-25de-45e2-90a8-bd279b650f7c,Lynx rufus,bobcat,True,refit_naip,Refit GRAFT NAIP,"covariates,sat",dinov2_vitb14,graft_visdiff_naip,naip,visdiff,/data/vision/beery/scratch/esierra/text-sat-hab-mmocc/.cache2/.cache/fit_results/ba76d46e-25de-45e2-90a8-bd279b650f7c_modalities_covariates_sat_image_dinov2_vitb14_sat_graft_visdiff_naip.pkl,True,graft_naip,-3949.3349609375,-4202.38671875,-2686.319091796875,0.16691323877224645,0.27307875665233605,0.6802429611343614,0.25890271399669723,0.28846153846153844,0.029239766081871343,0.05309734513274336,0.04555711316068284
df4c64cf-306d-4bf2-aa86-9e9c8d81fd41,Mustela frenata,long-tailed weasel,False,original_sat_env,Original sat+env,"covariates,sat",,alphaearth,,,/data/vision/beery/scratch/esierra/text-sat-hab-mmocc/.cache2/.cache/fit_results/df4c64cf-306d-4bf2-aa86-9e9c8d81fd41_modalities_covariates_sat_image_None_sat_alphaearth.pkl,True,,-359.5281982421875,-374.129638671875,-327.5700378417969,0.3136075088567936,0.018115849225951056,0.6937023711719879,0.015006009788687248,0.0,0.0,0.0,0.0
df4c64cf-306d-4bf2-aa86-9e9c8d81fd41,Mustela frenata,long-tailed weasel,False,refit_sentinel,Refit GRAFT Sentinel,"covariates,sat",dinov2_vitb14,graft_visdiff_sentinel,sentinel,visdiff,/data/vision/beery/scratch/esierra/text-sat-hab-mmocc/.cache2/.cache/fit_results/df4c64cf-306d-4bf2-aa86-9e9c8d81fd41_modalities_covariates_sat_image_dinov2_vitb14_sat_graft_visdiff_sentinel.pkl,True,graft,-342.0013732910156,-373.42578125,-321.7760925292969,0.6084142758132112,0.03184307041989916,0.7675004957647525,0.032705455202946314,0.0,0.0,0.0,0.0
df4c64cf-306d-4bf2-aa86-9e9c8d81fd41,Mustela frenata,long-tailed weasel,False,refit_naip,Refit GRAFT NAIP,"covariates,sat",dinov2_vitb14,graft_visdiff_naip,naip,visdiff,/data/vision/beery/scratch/esierra/text-sat-hab-mmocc/.cache2/.cache/fit_results/df4c64cf-306d-4bf2-aa86-9e9c8d81fd41_modalities_covariates_sat_image_dinov2_vitb14_sat_graft_visdiff_naip.pkl,True,graft_naip,-347.4572448730469,-373.42578125,-321.7760925292969,0.5027820500018612,0.024257835718635448,0.7510411059803395,0.02412670810375909,0.0,0.0,0.0,0.0
e07c537d-08b8-4c31-9768-51e4adf5a5ab,Sciurus niger,eastern fox squirrel,True,original_sat_env,Original sat+env,"covariates,sat",,alphaearth,,,/data/vision/beery/scratch/esierra/text-sat-hab-mmocc/.cache2/.cache/fit_results/e07c537d-08b8-4c31-9768-51e4adf5a5ab_modalities_covariates_sat_image_None_sat_alphaearth.pkl,True,,-4062.866455078125,-6794.6728515625,-2603.09423828125,0.6517368868684688,0.46702204900082944,0.8161818320744008,0.38379223150111674,0.47878787878787876,0.21351351351351353,0.2953271028037383,0.25727933949472903
e07c537d-08b8-4c31-9768-51e4adf5a5ab,Sciurus niger,eastern fox squirrel,True,refit_sentinel,Refit GRAFT Sentinel,"covariates,sat",dinov2_vitb14,graft_visdiff_sentinel,sentinel,visdiff,/data/vision/beery/scratch/esierra/text-sat-hab-mmocc/.cache2/.cache/fit_results/e07c537d-08b8-4c31-9768-51e4adf5a5ab_modalities_covariates_sat_image_dinov2_vitb14_sat_graft_visdiff_sentinel.pkl,True,graft,-5114.6337890625,-6795.70361328125,-2535.150634765625,0.39456611212106885,0.26278457099914954,0.7114690215255643,0.4179283167484184,0.5830258302583026,0.42702702702702705,0.49297971918876754,0.4369894683148862
e07c537d-08b8-4c31-9768-51e4adf5a5ab,Sciurus niger,eastern fox squirrel,True,refit_naip,Refit GRAFT NAIP,"covariates,sat",dinov2_vitb14,graft_visdiff_naip,naip,visdiff,/data/vision/beery/scratch/esierra/text-sat-hab-mmocc/.cache2/.cache/fit_results/e07c537d-08b8-4c31-9768-51e4adf5a5ab_modalities_covariates_sat_image_dinov2_vitb14_sat_graft_visdiff_naip.pkl,True,graft_naip,-4661.34423828125,-6795.70361328125,-2535.150634765625,0.5009582994890044,0.5336636438641188,0.7571633628782257,0.4995149185357053,0.6703703703703704,0.4891891891891892,0.565625,0.5201798751164355
e70effd7-855e-4ba3-966c-a4fbb74eab13,Taxidea taxus,american badger,False,original_sat_env,Original sat+env,"covariates,sat",,alphaearth,,,/data/vision/beery/scratch/esierra/text-sat-hab-mmocc/.cache2/.cache/fit_results/e70effd7-855e-4ba3-966c-a4fbb74eab13_modalities_covariates_sat_image_None_sat_alphaearth.pkl,True,,-253.8389129638672,-290.5389404296875,-286.203369140625,8.464865416561084,0.12151541399433748,0.8097346972721224,0.12140280282925757,0.07608695652173914,0.21875,0.11290322580645161,0.09762672468023452
e70effd7-855e-4ba3-966c-a4fbb74eab13,Taxidea taxus,american badger,False,refit_sentinel,Refit GRAFT Sentinel,"covariates,sat",dinov2_vitb14,graft_visdiff_sentinel,sentinel,visdiff,/data/vision/beery/scratch/esierra/text-sat-hab-mmocc/.cache2/.cache/fit_results/e70effd7-855e-4ba3-966c-a4fbb74eab13_modalities_covariates_sat_image_dinov2_vitb14_sat_graft_visdiff_sentinel.pkl,True,graft,-272.5535888671875,-290.5645446777344,-284.8717956542969,3.1638415353275438,0.04862228934311269,0.7471723220226214,0.03540346282234639,0.03076923076923077,0.0625,0.041237113402061855,0.014603782945381453
e70effd7-855e-4ba3-966c-a4fbb74eab13,Taxidea taxus,american badger,False,refit_naip,Refit GRAFT NAIP,"covariates,sat",dinov2_vitb14,graft_visdiff_naip,naip,visdiff,/data/vision/beery/scratch/esierra/text-sat-hab-mmocc/.cache2/.cache/fit_results/e70effd7-855e-4ba3-966c-a4fbb74eab13_modalities_covariates_sat_image_dinov2_vitb14_sat_graft_visdiff_naip.pkl,True,graft_naip,-275.48602294921875,-290.5645446777344,-284.8717956542969,2.6487241342339445,0.0471634982922314,0.739042747837658,0.03531795980854921,0.023809523809523808,0.0625,0.034482758620689655,0.004989253081275204
f67c4346-bbbd-43d5-9b19-b541d493019b,Tamiasciurus douglasii,douglas's squirrel,True,original_sat_env,Original sat+env,"covariates,sat",,alphaearth,,,/data/vision/beery/scratch/esierra/text-sat-hab-mmocc/.cache2/.cache/fit_results/f67c4346-bbbd-43d5-9b19-b541d493019b_modalities_covariates_sat_image_None_sat_alphaearth.pkl,True,,-520.813232421875,-659.9481201171875,-281.64984130859375,0.36779149017939383,0.3463717013821609,0.7031028368794326,0.5106111780405669,0.0,0.0,0.0,0.0
f67c4346-bbbd-43d5-9b19-b541d493019b,Tamiasciurus douglasii,douglas's squirrel,True,refit_sentinel,Refit GRAFT Sentinel,"covariates,sat",dinov2_vitb14,graft_visdiff_sentinel,sentinel,visdiff,/data/vision/beery/scratch/esierra/text-sat-hab-mmocc/.cache2/.cache/fit_results/f67c4346-bbbd-43d5-9b19-b541d493019b_modalities_covariates_sat_image_dinov2_vitb14_sat_graft_visdiff_sentinel.pkl,True,graft,-674.4300537109375,-658.9203491210938,-274.32135009765625,-0.040326949964054865,0.22568654684995854,0.5620567375886525,0.327750884276353,0.0,0.0,0.0,0.0
f67c4346-bbbd-43d5-9b19-b541d493019b,Tamiasciurus douglasii,douglas's squirrel,True,refit_naip,Refit GRAFT NAIP,"covariates,sat",dinov2_vitb14,graft_visdiff_naip,naip,visdiff,/data/vision/beery/scratch/esierra/text-sat-hab-mmocc/.cache2/.cache/fit_results/f67c4346-bbbd-43d5-9b19-b541d493019b_modalities_covariates_sat_image_dinov2_vitb14_sat_graft_visdiff_naip.pkl,True,graft_naip,-661.511962890625,-658.9203491210938,-274.32135009765625,-0.00673848287726125,0.23730051585668432,0.5854609929078015,0.2898174818703487,0.0,0.0,0.0,0.0
f7fb32b6-1531-44e9-a7e2-a3197edafdb9,Ammospermophilus leucurus,white-tailed antelope squirrel,False,original_sat_env,Original sat+env,"covariates,sat",,alphaearth,,,/data/vision/beery/scratch/esierra/text-sat-hab-mmocc/.cache2/.cache/fit_results/f7fb32b6-1531-44e9-a7e2-a3197edafdb9_modalities_covariates_sat_image_None_sat_alphaearth.pkl,True,,-179.15231323242188,-340.7539978027344,-160.56483459472656,0.8968446364544232,0.6054779034616616,0.9455555555555556,0.7003837393543276,0.0,0.0,0.0,0.0
f7fb32b6-1531-44e9-a7e2-a3197edafdb9,Ammospermophilus leucurus,white-tailed antelope squirrel,False,refit_sentinel,Refit GRAFT Sentinel,"covariates,sat",dinov2_vitb14,graft_visdiff_sentinel,sentinel,visdiff,/data/vision/beery/scratch/esierra/text-sat-hab-mmocc/.cache2/.cache/fit_results/f7fb32b6-1531-44e9-a7e2-a3197edafdb9_modalities_covariates_sat_image_dinov2_vitb14_sat_graft_visdiff_sentinel.pkl,True,graft,-141.05917358398438,-340.91192626953125,-156.9003143310547,1.0860877233789286,0.7880460835910419,0.9848888888888889,0.7948220687777381,0.6666666666666666,0.8888888888888888,0.7619047619047619,0.7511561620875764
f7fb32b6-1531-44e9-a7e2-a3197edafdb9,Ammospermophilus leucurus,white-tailed antelope squirrel,False,refit_naip,Refit GRAFT NAIP,"covariates,sat",dinov2_vitb14,graft_visdiff_naip,naip,visdiff,/data/vision/beery/scratch/esierra/text-sat-hab-mmocc/.cache2/.cache/fit_results/f7fb32b6-1531-44e9-a7e2-a3197edafdb9_modalities_covariates_sat_image_dinov2_vitb14_sat_graft_visdiff_naip.pkl,True,graft_naip,-155.1633758544922,-340.91192626953125,-156.9003143310547,1.0094392873268412,0.627540080410027,0.9777777777777777,0.5651641270769943,0.5714285714285714,0.6666666666666666,0.6153846153846154,0.5874190278874801
febff896-db40-4ac8-bcfe-5bb99a600950,Odocoileus hemionus,mule deer,True,original_sat_env,Original sat+env,"covariates,sat",,alphaearth,,,/data/vision/beery/scratch/esierra/text-sat-hab-mmocc/.cache2/.cache/fit_results/febff896-db40-4ac8-bcfe-5bb99a600950_modalities_covariates_sat_image_None_sat_alphaearth.pkl,True,,-3375.45947265625,-2724.113525390625,-1568.8446044921875,-0.5638046133527783,0.20487784396725722,0.37289609260436807,0.17967740619871714,0.10586011342155009,0.19112627986348124,0.1362530413625304,-0.3630214466474385
febff896-db40-4ac8-bcfe-5bb99a600950,Odocoileus hemionus,mule deer,True,refit_sentinel,Refit GRAFT Sentinel,"covariates,sat",dinov2_vitb14,graft_visdiff_sentinel,sentinel,visdiff,/data/vision/beery/scratch/esierra/text-sat-hab-mmocc/.cache2/.cache/fit_results/febff896-db40-4ac8-bcfe-5bb99a600950_modalities_covariates_sat_image_dinov2_vitb14_sat_graft_visdiff_sentinel.pkl,True,graft,-3533.73388671875,-2724.12255859375,-1576.71484375,-0.7056003874222251,0.18987720699065117,0.294579478062264,0.1832063975240693,0.12717770034843207,0.24914675767918087,0.16839677047289503,-0.3435462914451254
febff896-db40-4ac8-bcfe-5bb99a600950,Odocoileus hemionus,mule deer,True,refit_naip,Refit GRAFT NAIP,"covariates,sat",dinov2_vitb14,graft_visdiff_naip,naip,visdiff,/data/vision/beery/scratch/esierra/text-sat-hab-mmocc/.cache2/.cache/fit_results/febff896-db40-4ac8-bcfe-5bb99a600950_modalities_covariates_sat_image_dinov2_vitb14_sat_graft_visdiff_naip.pkl,True,graft_naip,-3709.09130859375,-2724.12255859375,-1576.71484375,-0.8584296037560891,0.1837750227164337,0.2685712679029488,0.18028450684910421,0.11826086956521739,0.23208191126279865,0.15668202764976957,-0.36555390053134695
ffe603fc-4920-4302-96d0-65f708bd5b2d,Urocyon cinereoargenteus,grey fox,False,original_sat_env,Original sat+env,"covariates,sat",,alphaearth,,,/data/vision/beery/scratch/esierra/text-sat-hab-mmocc/.cache2/.cache/fit_results/ffe603fc-4920-4302-96d0-65f708bd5b2d_modalities_covariates_sat_image_None_sat_alphaearth.pkl,True,,-2138.155029296875,-2181.52490234375,-1355.443115234375,0.05250070116983797,0.10427866845148843,0.6747428229665071,0.12863169401861166,0.0,0.0,0.0,0.0
ffe603fc-4920-4302-96d0-65f708bd5b2d,Urocyon cinereoargenteus,grey fox,False,refit_sentinel,Refit GRAFT Sentinel,"covariates,sat",dinov2_vitb14,graft_visdiff_sentinel,sentinel,visdiff,/data/vision/beery/scratch/esierra/text-sat-hab-mmocc/.cache2/.cache/fit_results/ffe603fc-4920-4302-96d0-65f708bd5b2d_modalities_covariates_sat_image_dinov2_vitb14_sat_graft_visdiff_sentinel.pkl,True,graft,-2147.841796875,-2181.710205078125,-1308.4083251953125,0.03878201682981579,0.18583725016307745,0.7547351332877648,0.150485257971635,0.0,0.0,0.0,-0.016286331183738147
ffe603fc-4920-4302-96d0-65f708bd5b2d,Urocyon cinereoargenteus,grey fox,False,refit_naip,Refit GRAFT NAIP,"covariates,sat",dinov2_vitb14,graft_visdiff_naip,naip,visdiff,/data/vision/beery/scratch/esierra/text-sat-hab-mmocc/.cache2/.cache/fit_results/ffe603fc-4920-4302-96d0-65f708bd5b2d_modalities_covariates_sat_image_dinov2_vitb14_sat_graft_visdiff_naip.pkl,True,graft_naip,-2031.6260986328125,-2181.710205078125,-1308.4083251953125,0.1718582198236561,0.14765827439149296,0.7549393369788107,0.14685747112632597,0.0,0.0,0.0,-0.006144342497752621
