taxon_id,scientific_name,common_name,domain,reference_label,reference_display_name,model,model_display_name,baseline,target,delta,metric,domain_display_name
ba76d46e-25de-45e2-90a8-bd279b650f7c,Lynx rufus,bobcat,camera_trap,image_sat_env_baseline,Image+sat+env baseline,clip_expert,Camera-trap expert refit,0.1718311967109641,0.1261809756246663,-0.0456502210862977,lppd_test_norm,Camera-trap refits
aaf3b049-36e6-46dd-9a07-8a580e9618b7,Canis latrans,coyote,camera_trap,image_sat_env_baseline,Image+sat+env baseline,clip_expert,Camera-trap expert refit,0.0157355906474786,-0.0245102750917933,-0.040245865739272,lppd_test_norm,Camera-trap refits
e07c537d-08b8-4c31-9768-51e4adf5a5ab,Sciurus niger,eastern fox squirrel,camera_trap,image_sat_env_baseline,Image+sat+env baseline,clip_expert,Camera-trap expert refit,0.7032159558210153,0.6011065512695593,-0.102109404551456,lppd_test_norm,Camera-trap refits
86f5b978-4f30-40cc-bd08-be9e3fba27a0,Sciurus carolinensis,eastern gray squirrel,camera_trap,image_sat_env_baseline,Image+sat+env baseline,clip_expert,Camera-trap expert refit,0.5800169376392615,0.4291636794956124,-0.1508532581436491,lppd_test_norm,Camera-trap refits
febff896-db40-4ac8-bcfe-5bb99a600950,Odocoileus hemionus,mule deer,camera_trap,image_sat_env_baseline,Image+sat+env baseline,clip_expert,Camera-trap expert refit,-0.3135379967144842,-0.5800343096372595,-0.2664963129227753,lppd_test_norm,Camera-trap refits
ac0e8ba7-7261-4d17-8645-11ed3d02165a,Vulpes vulpes,red fox,camera_trap,image_sat_env_baseline,Image+sat+env baseline,clip_expert,Camera-trap expert refit,0.4012895271519029,0.3518117879133766,-0.0494777392385263,lppd_test_norm,Camera-trap refits
87be3a5c-e60a-4e7e-88c7-21544914d067,Didelphis virginiana,virginia opossum,camera_trap,image_sat_env_baseline,Image+sat+env baseline,clip_expert,Camera-trap expert refit,0.3425717453758855,-0.0365882412663614,-0.3791599866422469,lppd_test_norm,Camera-trap refits
16ec4010-f175-4de7-8a99-85aadec3963b,Sciurus griseus,western gray squirrel,camera_trap,image_sat_env_baseline,Image+sat+env baseline,clip_expert,Camera-trap expert refit,0.2499916181979854,-0.2578655190654816,-0.5078571372634672,lppd_test_norm,Camera-trap refits
436ddfdd-bc43-44c3-a25d-34671d3430a0,Ursus americanus,american black bear,camera_trap,image_sat_env_baseline,Image+sat+env baseline,clip_visdiff,Camera-trap VisDiff refit,0.2929989854796422,0.3080074727797928,0.0150084873001505,lppd_test_norm,Camera-trap refits
ba76d46e-25de-45e2-90a8-bd279b650f7c,Lynx rufus,bobcat,camera_trap,image_sat_env_baseline,Image+sat+env baseline,clip_visdiff,Camera-trap VisDiff refit,0.1718311967109641,0.134698539187795,-0.037132657523169,lppd_test_norm,Camera-trap refits
5acf63fb-339d-42b1-af7e-95f6151ae5fb,Pecari tajacu,collared peccary,camera_trap,image_sat_env_baseline,Image+sat+env baseline,clip_visdiff,Camera-trap VisDiff refit,0.1281891516658029,0.1782786562045623,0.0500895045387593,lppd_test_norm,Camera-trap refits
aaf3b049-36e6-46dd-9a07-8a580e9618b7,Canis latrans,coyote,camera_trap,image_sat_env_baseline,Image+sat+env baseline,clip_visdiff,Camera-trap VisDiff refit,0.0157355906474786,-0.0278869900100604,-0.043622580657539,lppd_test_norm,Camera-trap refits
f67c4346-bbbd-43d5-9b19-b541d493019b,Tamiasciurus douglasii,douglas's squirrel,camera_trap,image_sat_env_baseline,Image+sat+env baseline,clip_visdiff,Camera-trap VisDiff refit,0.3548302939042494,0.3932406041111351,0.0384103102068857,lppd_test_norm,Camera-trap refits
1db1c6e2-2ea9-45a6-ab69-a730133298eb,Tamias striatus,eastern chipmunk,camera_trap,image_sat_env_baseline,Image+sat+env baseline,clip_visdiff,Camera-trap VisDiff refit,0.5242957476180129,0.3569622283654898,-0.1673335192525231,lppd_test_norm,Camera-trap refits
667a4650-a141-4c4e-844e-58cdeaeb4ae1,Sylvilagus floridanus,eastern cottontail,camera_trap,image_sat_env_baseline,Image+sat+env baseline,clip_visdiff,Camera-trap VisDiff refit,0.20357521962937,0.1129854660283403,-0.0905897536010296,lppd_test_norm,Camera-trap refits
e07c537d-08b8-4c31-9768-51e4adf5a5ab,Sciurus niger,eastern fox squirrel,camera_trap,image_sat_env_baseline,Image+sat+env baseline,clip_visdiff,Camera-trap VisDiff refit,0.7032159558210153,0.6062537972144209,-0.0969621586065944,lppd_test_norm,Camera-trap refits
86f5b978-4f30-40cc-bd08-be9e3fba27a0,Sciurus carolinensis,eastern gray squirrel,camera_trap,image_sat_env_baseline,Image+sat+env baseline,clip_visdiff,Camera-trap VisDiff refit,0.5800169376392615,0.4746706760301897,-0.1053462616090718,lppd_test_norm,Camera-trap refits
febff896-db40-4ac8-bcfe-5bb99a600950,Odocoileus hemionus,mule deer,camera_trap,image_sat_env_baseline,Image+sat+env baseline,clip_visdiff,Camera-trap VisDiff refit,-0.3135379967144842,-0.5687967634059542,-0.25525876669147,lppd_test_norm,Camera-trap refits
07843615-e1fc-49d8-9821-fd1d7ff2e773,Dasypus novemcinctus,nine-banded armadillo,camera_trap,image_sat_env_baseline,Image+sat+env baseline,clip_visdiff,Camera-trap VisDiff refit,0.1280268757360502,0.1930038160669217,0.0649769403308714,lppd_test_norm,Camera-trap refits
b57debc1-dff2-48d3-a400-f2b5021e71b0,Procyon lotor,northern raccoon,camera_trap,image_sat_env_baseline,Image+sat+env baseline,clip_visdiff,Camera-trap VisDiff refit,0.4449655689367823,0.3987326384299323,-0.0462329305068499,lppd_test_norm,Camera-trap refits
ac0e8ba7-7261-4d17-8645-11ed3d02165a,Vulpes vulpes,red fox,camera_trap,image_sat_env_baseline,Image+sat+env baseline,clip_visdiff,Camera-trap VisDiff refit,0.4012895271519029,0.3309050280925396,-0.0703844990593633,lppd_test_norm,Camera-trap refits
87be3a5c-e60a-4e7e-88c7-21544914d067,Didelphis virginiana,virginia opossum,camera_trap,image_sat_env_baseline,Image+sat+env baseline,clip_visdiff,Camera-trap VisDiff refit,0.3425717453758855,0.1236132790085035,-0.218958466367382,lppd_test_norm,Camera-trap refits
16ec4010-f175-4de7-8a99-85aadec3963b,Sciurus griseus,western gray squirrel,camera_trap,image_sat_env_baseline,Image+sat+env baseline,clip_visdiff,Camera-trap VisDiff refit,0.2499916181979854,-0.2679494792239676,-0.517941097421953,lppd_test_norm,Camera-trap refits
5c7ce479-8a45-40b3-ae21-7c97dfae22f5,Odocoileus virginianus,white-tailed deer,camera_trap,image_sat_env_baseline,Image+sat+env baseline,clip_visdiff,Camera-trap VisDiff refit,0.3884359022937415,0.4368167265602939,0.0483808242665524,lppd_test_norm,Camera-trap refits
436ddfdd-bc43-44c3-a25d-34671d3430a0,Ursus americanus,american black bear,satellite,sat_env_baseline,Sat+env baseline,graft_visdiff_naip,GRAFT NAIP refit,0.2596842495012144,0.0371449046333228,-0.2225393448678916,lppd_test_norm,Satellite refits
ba76d46e-25de-45e2-90a8-bd279b650f7c,Lynx rufus,bobcat,satellite,sat_env_baseline,Sat+env baseline,graft_visdiff_naip,GRAFT NAIP refit,0.1146105358560128,0.1669132387722464,0.0523027029162335,lppd_test_norm,Satellite refits
5acf63fb-339d-42b1-af7e-95f6151ae5fb,Pecari tajacu,collared peccary,satellite,sat_env_baseline,Sat+env baseline,graft_visdiff_naip,GRAFT NAIP refit,0.186172000975591,0.2602238453795349,0.0740518444039438,lppd_test_norm,Satellite refits
aaf3b049-36e6-46dd-9a07-8a580e9618b7,Canis latrans,coyote,satellite,sat_env_baseline,Sat+env baseline,graft_visdiff_naip,GRAFT NAIP refit,-0.0296678404771369,-0.0400017484581457,-0.0103339079810087,lppd_test_norm,Satellite refits
f67c4346-bbbd-43d5-9b19-b541d493019b,Tamiasciurus douglasii,douglas's squirrel,satellite,sat_env_baseline,Sat+env baseline,graft_visdiff_naip,GRAFT NAIP refit,0.3677914901793938,-0.0031128645495273,-0.3709043547289211,lppd_test_norm,Satellite refits
1db1c6e2-2ea9-45a6-ab69-a730133298eb,Tamias striatus,eastern chipmunk,satellite,sat_env_baseline,Sat+env baseline,graft_visdiff_naip,GRAFT NAIP refit,0.2556601060916156,0.2346511843199239,-0.0210089217716916,lppd_test_norm,Satellite refits
667a4650-a141-4c4e-844e-58cdeaeb4ae1,Sylvilagus floridanus,eastern cottontail,satellite,sat_env_baseline,Sat+env baseline,graft_visdiff_naip,GRAFT NAIP refit,0.0539973878098839,-0.0496751886736514,-0.1036725764835354,lppd_test_norm,Satellite refits
e07c537d-08b8-4c31-9768-51e4adf5a5ab,Sciurus niger,eastern fox squirrel,satellite,sat_env_baseline,Sat+env baseline,graft_visdiff_naip,GRAFT NAIP refit,0.6517368868684688,0.5009582994890044,-0.1507785873794643,lppd_test_norm,Satellite refits
86f5b978-4f30-40cc-bd08-be9e3fba27a0,Sciurus carolinensis,eastern gray squirrel,satellite,sat_env_baseline,Sat+env baseline,graft_visdiff_naip,GRAFT NAIP refit,0.3669732939977477,0.2217990882376133,-0.1451742057601344,lppd_test_norm,Satellite refits
febff896-db40-4ac8-bcfe-5bb99a600950,Odocoileus hemionus,mule deer,satellite,sat_env_baseline,Sat+env baseline,graft_visdiff_naip,GRAFT NAIP refit,-0.5638046133527783,-0.8584296037560891,-0.2946249904033108,lppd_test_norm,Satellite refits
07843615-e1fc-49d8-9821-fd1d7ff2e773,Dasypus novemcinctus,nine-banded armadillo,satellite,sat_env_baseline,Sat+env baseline,graft_visdiff_naip,GRAFT NAIP refit,0.0572778528474737,-0.1375874039874498,-0.1948652568349235,lppd_test_norm,Satellite refits
b57debc1-dff2-48d3-a400-f2b5021e71b0,Procyon lotor,northern raccoon,satellite,sat_env_baseline,Sat+env baseline,graft_visdiff_naip,GRAFT NAIP refit,0.3557151055342403,0.0896367135548175,-0.2660783919794228,lppd_test_norm,Satellite refits
ac0e8ba7-7261-4d17-8645-11ed3d02165a,Vulpes vulpes,red fox,satellite,sat_env_baseline,Sat+env baseline,graft_visdiff_naip,GRAFT NAIP refit,0.285261275611565,0.3962723552162707,0.1110110796047056,lppd_test_norm,Satellite refits
87be3a5c-e60a-4e7e-88c7-21544914d067,Didelphis virginiana,virginia opossum,satellite,sat_env_baseline,Sat+env baseline,graft_visdiff_naip,GRAFT NAIP refit,-0.1329244606488264,-0.0824327072666812,0.0504917533821452,lppd_test_norm,Satellite refits
16ec4010-f175-4de7-8a99-85aadec3963b,Sciurus griseus,western gray squirrel,satellite,sat_env_baseline,Sat+env baseline,graft_visdiff_naip,GRAFT NAIP refit,-0.5684308537776417,0.333892749870612,0.9023236036482536,lppd_test_norm,Satellite refits
5c7ce479-8a45-40b3-ae21-7c97dfae22f5,Odocoileus virginianus,white-tailed deer,satellite,sat_env_baseline,Sat+env baseline,graft_visdiff_naip,GRAFT NAIP refit,0.3584136312869886,0.2624033490633324,-0.0960102822236562,lppd_test_norm,Satellite refits
436ddfdd-bc43-44c3-a25d-34671d3430a0,Ursus americanus,american black bear,satellite,sat_env_baseline,Sat+env baseline,graft_visdiff_sentinel,GRAFT Sentinel refit,0.2596842495012144,0.053862150406827,-0.2058220990943873,lppd_test_norm,Satellite refits
ba76d46e-25de-45e2-90a8-bd279b650f7c,Lynx rufus,bobcat,satellite,sat_env_baseline,Sat+env baseline,graft_visdiff_sentinel,GRAFT Sentinel refit,0.1146105358560128,0.2145990547541447,0.0999885188981319,lppd_test_norm,Satellite refits
5acf63fb-339d-42b1-af7e-95f6151ae5fb,Pecari tajacu,collared peccary,satellite,sat_env_baseline,Sat+env baseline,graft_visdiff_sentinel,GRAFT Sentinel refit,0.186172000975591,0.2599447882210707,0.0737727872454796,lppd_test_norm,Satellite refits
aaf3b049-36e6-46dd-9a07-8a580e9618b7,Canis latrans,coyote,satellite,sat_env_baseline,Sat+env baseline,graft_visdiff_sentinel,GRAFT Sentinel refit,-0.0296678404771369,-0.0597444559199472,-0.0300766154428102,lppd_test_norm,Satellite refits
f67c4346-bbbd-43d5-9b19-b541d493019b,Tamiasciurus douglasii,douglas's squirrel,satellite,sat_env_baseline,Sat+env baseline,graft_visdiff_sentinel,GRAFT Sentinel refit,0.3677914901793938,-0.0403269499640548,-0.4081184401434486,lppd_test_norm,Satellite refits
1db1c6e2-2ea9-45a6-ab69-a730133298eb,Tamias striatus,eastern chipmunk,satellite,sat_env_baseline,Sat+env baseline,graft_visdiff_sentinel,GRAFT Sentinel refit,0.2556601060916156,0.1828770847942588,-0.0727830212973567,lppd_test_norm,Satellite refits
667a4650-a141-4c4e-844e-58cdeaeb4ae1,Sylvilagus floridanus,eastern cottontail,satellite,sat_env_baseline,Sat+env baseline,graft_visdiff_sentinel,GRAFT Sentinel refit,0.0539973878098839,-0.0981115739179278,-0.1521089617278118,lppd_test_norm,Satellite refits
e07c537d-08b8-4c31-9768-51e4adf5a5ab,Sciurus niger,eastern fox squirrel,satellite,sat_env_baseline,Sat+env baseline,graft_visdiff_sentinel,GRAFT Sentinel refit,0.6517368868684688,0.3945661121210688,-0.2571707747473999,lppd_test_norm,Satellite refits
86f5b978-4f30-40cc-bd08-be9e3fba27a0,Sciurus carolinensis,eastern gray squirrel,satellite,sat_env_baseline,Sat+env baseline,graft_visdiff_sentinel,GRAFT Sentinel refit,0.3669732939977477,0.2810586008413424,-0.0859146931564053,lppd_test_norm,Satellite refits
febff896-db40-4ac8-bcfe-5bb99a600950,Odocoileus hemionus,mule deer,satellite,sat_env_baseline,Sat+env baseline,graft_visdiff_sentinel,GRAFT Sentinel refit,-0.5638046133527783,-0.7056003874222251,-0.1417957740694467,lppd_test_norm,Satellite refits
07843615-e1fc-49d8-9821-fd1d7ff2e773,Dasypus novemcinctus,nine-banded armadillo,satellite,sat_env_baseline,Sat+env baseline,graft_visdiff_sentinel,GRAFT Sentinel refit,0.0572778528474737,-0.1490768240081832,-0.206354676855657,lppd_test_norm,Satellite refits
b57debc1-dff2-48d3-a400-f2b5021e71b0,Procyon lotor,northern raccoon,satellite,sat_env_baseline,Sat+env baseline,graft_visdiff_sentinel,GRAFT Sentinel refit,0.3557151055342403,0.1507387750761447,-0.2049763304580956,lppd_test_norm,Satellite refits
ac0e8ba7-7261-4d17-8645-11ed3d02165a,Vulpes vulpes,red fox,satellite,sat_env_baseline,Sat+env baseline,graft_visdiff_sentinel,GRAFT Sentinel refit,0.285261275611565,0.4889691724636592,0.2037078968520941,lppd_test_norm,Satellite refits
87be3a5c-e60a-4e7e-88c7-21544914d067,Didelphis virginiana,virginia opossum,satellite,sat_env_baseline,Sat+env baseline,graft_visdiff_sentinel,GRAFT Sentinel refit,-0.1329244606488264,0.0227334555149156,0.1556579161637421,lppd_test_norm,Satellite refits
16ec4010-f175-4de7-8a99-85aadec3963b,Sciurus griseus,western gray squirrel,satellite,sat_env_baseline,Sat+env baseline,graft_visdiff_sentinel,GRAFT Sentinel refit,-0.5684308537776417,0.3561653191595927,0.9245961729372344,lppd_test_norm,Satellite refits
5c7ce479-8a45-40b3-ae21-7c97dfae22f5,Odocoileus virginianus,white-tailed deer,satellite,sat_env_baseline,Sat+env baseline,graft_visdiff_sentinel,GRAFT Sentinel refit,0.3584136312869886,0.2122578125455713,-0.1461558187414173,lppd_test_norm,Satellite refits
ba76d46e-25de-45e2-90a8-bd279b650f7c,Lynx rufus,bobcat,camera_trap,image_sat_env_baseline,Image+sat+env baseline,clip_expert,Camera-trap expert refit,0.3496746662357013,0.306968585692206,-0.0427060805434952,biolith_ap_test,Camera-trap refits
aaf3b049-36e6-46dd-9a07-8a580e9618b7,Canis latrans,coyote,camera_trap,image_sat_env_baseline,Image+sat+env baseline,clip_expert,Camera-trap expert refit,0.5056395655162429,0.4729685016421394,-0.0326710638741034,biolith_ap_test,Camera-trap refits
e07c537d-08b8-4c31-9768-51e4adf5a5ab,Sciurus niger,eastern fox squirrel,camera_trap,image_sat_env_baseline,Image+sat+env baseline,clip_expert,Camera-trap expert refit,0.4822453700710793,0.4476250339712041,-0.0346203360998751,biolith_ap_test,Camera-trap refits
86f5b978-4f30-40cc-bd08-be9e3fba27a0,Sciurus carolinensis,eastern gray squirrel,camera_trap,image_sat_env_baseline,Image+sat+env baseline,clip_expert,Camera-trap expert refit,0.8566170088952012,0.7683179076965205,-0.0882991011986806,biolith_ap_test,Camera-trap refits
febff896-db40-4ac8-bcfe-5bb99a600950,Odocoileus hemionus,mule deer,camera_trap,image_sat_env_baseline,Image+sat+env baseline,clip_expert,Camera-trap expert refit,0.2993499150862777,0.2018460943427154,-0.0975038207435623,biolith_ap_test,Camera-trap refits
ac0e8ba7-7261-4d17-8645-11ed3d02165a,Vulpes vulpes,red fox,camera_trap,image_sat_env_baseline,Image+sat+env baseline,clip_expert,Camera-trap expert refit,0.3907412528110315,0.3532600110985182,-0.0374812417125133,biolith_ap_test,Camera-trap refits
87be3a5c-e60a-4e7e-88c7-21544914d067,Didelphis virginiana,virginia opossum,camera_trap,image_sat_env_baseline,Image+sat+env baseline,clip_expert,Camera-trap expert refit,0.556920428949028,0.4443452566481319,-0.112575172300896,biolith_ap_test,Camera-trap refits
16ec4010-f175-4de7-8a99-85aadec3963b,Sciurus griseus,western gray squirrel,camera_trap,image_sat_env_baseline,Image+sat+env baseline,clip_expert,Camera-trap expert refit,0.3821187948454378,0.2773858638367824,-0.1047329310086554,biolith_ap_test,Camera-trap refits
436ddfdd-bc43-44c3-a25d-34671d3430a0,Ursus americanus,american black bear,camera_trap,image_sat_env_baseline,Image+sat+env baseline,clip_visdiff,Camera-trap VisDiff refit,0.3610990792205784,0.3852511167188378,0.0241520374982594,biolith_ap_test,Camera-trap refits
ba76d46e-25de-45e2-90a8-bd279b650f7c,Lynx rufus,bobcat,camera_trap,image_sat_env_baseline,Image+sat+env baseline,clip_visdiff,Camera-trap VisDiff refit,0.3496746662357013,0.3244878319697999,-0.0251868342659014,biolith_ap_test,Camera-trap refits
5acf63fb-339d-42b1-af7e-95f6151ae5fb,Pecari tajacu,collared peccary,camera_trap,image_sat_env_baseline,Image+sat+env baseline,clip_visdiff,Camera-trap VisDiff refit,0.3249464655161445,0.4055761789307029,0.0806297134145584,biolith_ap_test,Camera-trap refits
aaf3b049-36e6-46dd-9a07-8a580e9618b7,Canis latrans,coyote,camera_trap,image_sat_env_baseline,Image+sat+env baseline,clip_visdiff,Camera-trap VisDiff refit,0.5056395655162429,0.4863430391515987,-0.0192965263646441,biolith_ap_test,Camera-trap refits
f67c4346-bbbd-43d5-9b19-b541d493019b,Tamiasciurus douglasii,douglas's squirrel,camera_trap,image_sat_env_baseline,Image+sat+env baseline,clip_visdiff,Camera-trap VisDiff refit,0.378901292876149,0.3380582260720408,-0.0408430668041082,biolith_ap_test,Camera-trap refits
1db1c6e2-2ea9-45a6-ab69-a730133298eb,Tamias striatus,eastern chipmunk,camera_trap,image_sat_env_baseline,Image+sat+env baseline,clip_visdiff,Camera-trap VisDiff refit,0.3305924201458702,0.2489649284987844,-0.0816274916470858,biolith_ap_test,Camera-trap refits
667a4650-a141-4c4e-844e-58cdeaeb4ae1,Sylvilagus floridanus,eastern cottontail,camera_trap,image_sat_env_baseline,Image+sat+env baseline,clip_visdiff,Camera-trap VisDiff refit,0.3395472612864137,0.3093659816933258,-0.0301812795930879,biolith_ap_test,Camera-trap refits
e07c537d-08b8-4c31-9768-51e4adf5a5ab,Sciurus niger,eastern fox squirrel,camera_trap,image_sat_env_baseline,Image+sat+env baseline,clip_visdiff,Camera-trap VisDiff refit,0.4822453700710793,0.4474464978120082,-0.0347988722590711,biolith_ap_test,Camera-trap refits
86f5b978-4f30-40cc-bd08-be9e3fba27a0,Sciurus carolinensis,eastern gray squirrel,camera_trap,image_sat_env_baseline,Image+sat+env baseline,clip_visdiff,Camera-trap VisDiff refit,0.8566170088952012,0.8043277665878967,-0.0522892423073044,biolith_ap_test,Camera-trap refits
febff896-db40-4ac8-bcfe-5bb99a600950,Odocoileus hemionus,mule deer,camera_trap,image_sat_env_baseline,Image+sat+env baseline,clip_visdiff,Camera-trap VisDiff refit,0.2993499150862777,0.2087777086285432,-0.0905722064577344,biolith_ap_test,Camera-trap refits
07843615-e1fc-49d8-9821-fd1d7ff2e773,Dasypus novemcinctus,nine-banded armadillo,camera_trap,image_sat_env_baseline,Image+sat+env baseline,clip_visdiff,Camera-trap VisDiff refit,0.4398406019124916,0.4366269221091762,-0.0032136798033153,biolith_ap_test,Camera-trap refits
b57debc1-dff2-48d3-a400-f2b5021e71b0,Procyon lotor,northern raccoon,camera_trap,image_sat_env_baseline,Image+sat+env baseline,clip_visdiff,Camera-trap VisDiff refit,0.8093387358217012,0.77666847348606,-0.0326702623356411,biolith_ap_test,Camera-trap refits
ac0e8ba7-7261-4d17-8645-11ed3d02165a,Vulpes vulpes,red fox,camera_trap,image_sat_env_baseline,Image+sat+env baseline,clip_visdiff,Camera-trap VisDiff refit,0.3907412528110315,0.3653710913416515,-0.0253701614693799,biolith_ap_test,Camera-trap refits
87be3a5c-e60a-4e7e-88c7-21544914d067,Didelphis virginiana,virginia opossum,camera_trap,image_sat_env_baseline,Image+sat+env baseline,clip_visdiff,Camera-trap VisDiff refit,0.556920428949028,0.4675119666941129,-0.0894084622549151,biolith_ap_test,Camera-trap refits
16ec4010-f175-4de7-8a99-85aadec3963b,Sciurus griseus,western gray squirrel,camera_trap,image_sat_env_baseline,Image+sat+env baseline,clip_visdiff,Camera-trap VisDiff refit,0.3821187948454378,0.2204220123049118,-0.161696782540526,biolith_ap_test,Camera-trap refits
5c7ce479-8a45-40b3-ae21-7c97dfae22f5,Odocoileus virginianus,white-tailed deer,camera_trap,image_sat_env_baseline,Image+sat+env baseline,clip_visdiff,Camera-trap VisDiff refit,0.9407304845420632,0.9332231502958096,-0.0075073342462537,biolith_ap_test,Camera-trap refits
436ddfdd-bc43-44c3-a25d-34671d3430a0,Ursus americanus,american black bear,satellite,sat_env_baseline,Sat+env baseline,graft_visdiff_naip,GRAFT NAIP refit,0.3701526584075659,0.2481135299896099,-0.122039128417956,biolith_ap_test,Satellite refits
ba76d46e-25de-45e2-90a8-bd279b650f7c,Lynx rufus,bobcat,satellite,sat_env_baseline,Sat+env baseline,graft_visdiff_naip,GRAFT NAIP refit,0.3209899119640143,0.273078756652336,-0.0479111553116782,biolith_ap_test,Satellite refits
5acf63fb-339d-42b1-af7e-95f6151ae5fb,Pecari tajacu,collared peccary,satellite,sat_env_baseline,Sat+env baseline,graft_visdiff_naip,GRAFT NAIP refit,0.408938642910563,0.4965377330352157,0.0875990901246527,biolith_ap_test,Satellite refits
aaf3b049-36e6-46dd-9a07-8a580e9618b7,Canis latrans,coyote,satellite,sat_env_baseline,Sat+env baseline,graft_visdiff_naip,GRAFT NAIP refit,0.4721156647915961,0.4441991737555232,-0.0279164910360729,biolith_ap_test,Satellite refits
f67c4346-bbbd-43d5-9b19-b541d493019b,Tamiasciurus douglasii,douglas's squirrel,satellite,sat_env_baseline,Sat+env baseline,graft_visdiff_naip,GRAFT NAIP refit,0.3463717013821609,0.2332912985810017,-0.1130804028011591,biolith_ap_test,Satellite refits
1db1c6e2-2ea9-45a6-ab69-a730133298eb,Tamias striatus,eastern chipmunk,satellite,sat_env_baseline,Sat+env baseline,graft_visdiff_naip,GRAFT NAIP refit,0.2182150759456376,0.2149494540951317,-0.0032656218505058,biolith_ap_test,Satellite refits
667a4650-a141-4c4e-844e-58cdeaeb4ae1,Sylvilagus floridanus,eastern cottontail,satellite,sat_env_baseline,Sat+env baseline,graft_visdiff_naip,GRAFT NAIP refit,0.2771838532656561,0.2379577111792626,-0.0392261420863934,biolith_ap_test,Satellite refits
e07c537d-08b8-4c31-9768-51e4adf5a5ab,Sciurus niger,eastern fox squirrel,satellite,sat_env_baseline,Sat+env baseline,graft_visdiff_naip,GRAFT NAIP refit,0.4670220490008294,0.5336636438641188,0.0666415948632893,biolith_ap_test,Satellite refits
86f5b978-4f30-40cc-bd08-be9e3fba27a0,Sciurus carolinensis,eastern gray squirrel,satellite,sat_env_baseline,Sat+env baseline,graft_visdiff_naip,GRAFT NAIP refit,0.7674969718569562,0.7311253327075886,-0.0363716391493675,biolith_ap_test,Satellite refits
febff896-db40-4ac8-bcfe-5bb99a600950,Odocoileus hemionus,mule deer,satellite,sat_env_baseline,Sat+env baseline,graft_visdiff_naip,GRAFT NAIP refit,0.2048778439672572,0.1837750227164337,-0.0211028212508235,biolith_ap_test,Satellite refits
07843615-e1fc-49d8-9821-fd1d7ff2e773,Dasypus novemcinctus,nine-banded armadillo,satellite,sat_env_baseline,Sat+env baseline,graft_visdiff_naip,GRAFT NAIP refit,0.3547216304340851,0.369473598635907,0.0147519682018218,biolith_ap_test,Satellite refits
b57debc1-dff2-48d3-a400-f2b5021e71b0,Procyon lotor,northern raccoon,satellite,sat_env_baseline,Sat+env baseline,graft_visdiff_naip,GRAFT NAIP refit,0.7580747905656094,0.678725342233517,-0.0793494483320924,biolith_ap_test,Satellite refits
ac0e8ba7-7261-4d17-8645-11ed3d02165a,Vulpes vulpes,red fox,satellite,sat_env_baseline,Sat+env baseline,graft_visdiff_naip,GRAFT NAIP refit,0.3596033294798287,0.3769907104415329,0.0173873809617041,biolith_ap_test,Satellite refits
87be3a5c-e60a-4e7e-88c7-21544914d067,Didelphis virginiana,virginia opossum,satellite,sat_env_baseline,Sat+env baseline,graft_visdiff_naip,GRAFT NAIP refit,0.4053250980711755,0.3908606386362266,-0.0144644594349488,biolith_ap_test,Satellite refits
16ec4010-f175-4de7-8a99-85aadec3963b,Sciurus griseus,western gray squirrel,satellite,sat_env_baseline,Sat+env baseline,graft_visdiff_naip,GRAFT NAIP refit,0.2250541388199163,0.383870743796179,0.1588166049762626,biolith_ap_test,Satellite refits
5c7ce479-8a45-40b3-ae21-7c97dfae22f5,Odocoileus virginianus,white-tailed deer,satellite,sat_env_baseline,Sat+env baseline,graft_visdiff_naip,GRAFT NAIP refit,0.9264034731511736,0.8939989014544987,-0.0324045716966749,biolith_ap_test,Satellite refits
436ddfdd-bc43-44c3-a25d-34671d3430a0,Ursus americanus,american black bear,satellite,sat_env_baseline,Sat+env baseline,graft_visdiff_sentinel,GRAFT Sentinel refit,0.3701526584075659,0.2682588035992675,-0.1018938548082984,biolith_ap_test,Satellite refits
ba76d46e-25de-45e2-90a8-bd279b650f7c,Lynx rufus,bobcat,satellite,sat_env_baseline,Sat+env baseline,graft_visdiff_sentinel,GRAFT Sentinel refit,0.3209899119640143,0.2859712167991216,-0.0350186951648926,biolith_ap_test,Satellite refits
5acf63fb-339d-42b1-af7e-95f6151ae5fb,Pecari tajacu,collared peccary,satellite,sat_env_baseline,Sat+env baseline,graft_visdiff_sentinel,GRAFT Sentinel refit,0.408938642910563,0.5496457597400847,0.1407071168295217,biolith_ap_test,Satellite refits
aaf3b049-36e6-46dd-9a07-8a580e9618b7,Canis latrans,coyote,satellite,sat_env_baseline,Sat+env baseline,graft_visdiff_sentinel,GRAFT Sentinel refit,0.4721156647915961,0.44308981767575,-0.0290258471158461,biolith_ap_test,Satellite refits
f67c4346-bbbd-43d5-9b19-b541d493019b,Tamiasciurus douglasii,douglas's squirrel,satellite,sat_env_baseline,Sat+env baseline,graft_visdiff_sentinel,GRAFT Sentinel refit,0.3463717013821609,0.2256865468499585,-0.1206851545322023,biolith_ap_test,Satellite refits
1db1c6e2-2ea9-45a6-ab69-a730133298eb,Tamias striatus,eastern chipmunk,satellite,sat_env_baseline,Sat+env baseline,graft_visdiff_sentinel,GRAFT Sentinel refit,0.2182150759456376,0.2195918117241063,0.0013767357784686,biolith_ap_test,Satellite refits
667a4650-a141-4c4e-844e-58cdeaeb4ae1,Sylvilagus floridanus,eastern cottontail,satellite,sat_env_baseline,Sat+env baseline,graft_visdiff_sentinel,GRAFT Sentinel refit,0.2771838532656561,0.2282587104163426,-0.0489251428493134,biolith_ap_test,Satellite refits
e07c537d-08b8-4c31-9768-51e4adf5a5ab,Sciurus niger,eastern fox squirrel,satellite,sat_env_baseline,Sat+env baseline,graft_visdiff_sentinel,GRAFT Sentinel refit,0.4670220490008294,0.2627845709991495,-0.2042374780016799,biolith_ap_test,Satellite refits
86f5b978-4f30-40cc-bd08-be9e3fba27a0,Sciurus carolinensis,eastern gray squirrel,satellite,sat_env_baseline,Sat+env baseline,graft_visdiff_sentinel,GRAFT Sentinel refit,0.7674969718569562,0.7780253877835843,0.0105284159266281,biolith_ap_test,Satellite refits
febff896-db40-4ac8-bcfe-5bb99a600950,Odocoileus hemionus,mule deer,satellite,sat_env_baseline,Sat+env baseline,graft_visdiff_sentinel,GRAFT Sentinel refit,0.2048778439672572,0.1898772069906511,-0.015000636976606,biolith_ap_test,Satellite refits
07843615-e1fc-49d8-9821-fd1d7ff2e773,Dasypus novemcinctus,nine-banded armadillo,satellite,sat_env_baseline,Sat+env baseline,graft_visdiff_sentinel,GRAFT Sentinel refit,0.3547216304340851,0.3574695861584501,0.0027479557243649,biolith_ap_test,Satellite refits
b57debc1-dff2-48d3-a400-f2b5021e71b0,Procyon lotor,northern raccoon,satellite,sat_env_baseline,Sat+env baseline,graft_visdiff_sentinel,GRAFT Sentinel refit,0.7580747905656094,0.6685730196170826,-0.0895017709485268,biolith_ap_test,Satellite refits
ac0e8ba7-7261-4d17-8645-11ed3d02165a,Vulpes vulpes,red fox,satellite,sat_env_baseline,Sat+env baseline,graft_visdiff_sentinel,GRAFT Sentinel refit,0.3596033294798287,0.4077884637608042,0.0481851342809754,biolith_ap_test,Satellite refits
87be3a5c-e60a-4e7e-88c7-21544914d067,Didelphis virginiana,virginia opossum,satellite,sat_env_baseline,Sat+env baseline,graft_visdiff_sentinel,GRAFT Sentinel refit,0.4053250980711755,0.4039017438192614,-0.0014233542519141,biolith_ap_test,Satellite refits
16ec4010-f175-4de7-8a99-85aadec3963b,Sciurus griseus,western gray squirrel,satellite,sat_env_baseline,Sat+env baseline,graft_visdiff_sentinel,GRAFT Sentinel refit,0.2250541388199163,0.459151561508217,0.2340974226883007,biolith_ap_test,Satellite refits
5c7ce479-8a45-40b3-ae21-7c97dfae22f5,Odocoileus virginianus,white-tailed deer,satellite,sat_env_baseline,Sat+env baseline,graft_visdiff_sentinel,GRAFT Sentinel refit,0.9264034731511736,0.8879885905333513,-0.0384148826178223,biolith_ap_test,Satellite refits
ba76d46e-25de-45e2-90a8-bd279b650f7c,Lynx rufus,bobcat,camera_trap,image_sat_env_baseline,Image+sat+env baseline,clip_expert,Camera-trap expert refit,0.7263333611909338,0.7104838150912479,-0.0158495460996859,biolith_roc_auc_test,Camera-trap refits
aaf3b049-36e6-46dd-9a07-8a580e9618b7,Canis latrans,coyote,camera_trap,image_sat_env_baseline,Image+sat+env baseline,clip_expert,Camera-trap expert refit,0.6279394320005582,0.5839281477715641,-0.0440112842289941,biolith_roc_auc_test,Camera-trap refits
e07c537d-08b8-4c31-9768-51e4adf5a5ab,Sciurus niger,eastern fox squirrel,camera_trap,image_sat_env_baseline,Image+sat+env baseline,clip_expert,Camera-trap expert refit,0.8341756538444745,0.8230515652971226,-0.0111240885473518,biolith_roc_auc_test,Camera-trap refits
86f5b978-4f30-40cc-bd08-be9e3fba27a0,Sciurus carolinensis,eastern gray squirrel,camera_trap,image_sat_env_baseline,Image+sat+env baseline,clip_expert,Camera-trap expert refit,0.8813280680062882,0.8250738448907458,-0.0562542231155424,biolith_roc_auc_test,Camera-trap refits
febff896-db40-4ac8-bcfe-5bb99a600950,Odocoileus hemionus,mule deer,camera_trap,image_sat_env_baseline,Image+sat+env baseline,clip_expert,Camera-trap expert refit,0.5566643740510517,0.3626961159630931,-0.1939682580879586,biolith_roc_auc_test,Camera-trap refits
ac0e8ba7-7261-4d17-8645-11ed3d02165a,Vulpes vulpes,red fox,camera_trap,image_sat_env_baseline,Image+sat+env baseline,clip_expert,Camera-trap expert refit,0.7964899949897777,0.7743452874229174,-0.0221447075668602,biolith_roc_auc_test,Camera-trap refits
87be3a5c-e60a-4e7e-88c7-21544914d067,Didelphis virginiana,virginia opossum,camera_trap,image_sat_env_baseline,Image+sat+env baseline,clip_expert,Camera-trap expert refit,0.772992252677689,0.6814077414312112,-0.0915845112464778,biolith_roc_auc_test,Camera-trap refits
16ec4010-f175-4de7-8a99-85aadec3963b,Sciurus griseus,western gray squirrel,camera_trap,image_sat_env_baseline,Image+sat+env baseline,clip_expert,Camera-trap expert refit,0.7176178660049628,0.6200992555831265,-0.0975186104218363,biolith_roc_auc_test,Camera-trap refits
436ddfdd-bc43-44c3-a25d-34671d3430a0,Ursus americanus,american black bear,camera_trap,image_sat_env_baseline,Image+sat+env baseline,clip_visdiff,Camera-trap VisDiff refit,0.8139646094448185,0.8156055883531218,0.0016409789083032,biolith_roc_auc_test,Camera-trap refits
ba76d46e-25de-45e2-90a8-bd279b650f7c,Lynx rufus,bobcat,camera_trap,image_sat_env_baseline,Image+sat+env baseline,clip_visdiff,Camera-trap VisDiff refit,0.7263333611909338,0.7142460197560389,-0.0120873414348949,biolith_roc_auc_test,Camera-trap refits
5acf63fb-339d-42b1-af7e-95f6151ae5fb,Pecari tajacu,collared peccary,camera_trap,image_sat_env_baseline,Image+sat+env baseline,clip_visdiff,Camera-trap VisDiff refit,0.6101910828025477,0.7099363057324841,0.0997452229299363,biolith_roc_auc_test,Camera-trap refits
aaf3b049-36e6-46dd-9a07-8a580e9618b7,Canis latrans,coyote,camera_trap,image_sat_env_baseline,Image+sat+env baseline,clip_visdiff,Camera-trap VisDiff refit,0.6279394320005582,0.6001702602749286,-0.0277691717256296,biolith_roc_auc_test,Camera-trap refits
f67c4346-bbbd-43d5-9b19-b541d493019b,Tamiasciurus douglasii,douglas's squirrel,camera_trap,image_sat_env_baseline,Image+sat+env baseline,clip_visdiff,Camera-trap VisDiff refit,0.7556737588652482,0.722872340425532,-0.0328014184397162,biolith_roc_auc_test,Camera-trap refits
1db1c6e2-2ea9-45a6-ab69-a730133298eb,Tamias striatus,eastern chipmunk,camera_trap,image_sat_env_baseline,Image+sat+env baseline,clip_visdiff,Camera-trap VisDiff refit,0.7819711997275687,0.741531492316586,-0.0404397074109826,biolith_roc_auc_test,Camera-trap refits
667a4650-a141-4c4e-844e-58cdeaeb4ae1,Sylvilagus floridanus,eastern cottontail,camera_trap,image_sat_env_baseline,Image+sat+env baseline,clip_visdiff,Camera-trap VisDiff refit,0.7291800907595234,0.7089982101209524,-0.0201818806385709,biolith_roc_auc_test,Camera-trap refits
e07c537d-08b8-4c31-9768-51e4adf5a5ab,Sciurus niger,eastern fox squirrel,camera_trap,image_sat_env_baseline,Image+sat+env baseline,clip_visdiff,Camera-trap VisDiff refit,0.8341756538444745,0.8258088460027071,-0.0083668078417673,biolith_roc_auc_test,Camera-trap refits
86f5b978-4f30-40cc-bd08-be9e3fba27a0,Sciurus carolinensis,eastern gray squirrel,camera_trap,image_sat_env_baseline,Image+sat+env baseline,clip_visdiff,Camera-trap VisDiff refit,0.8813280680062882,0.8384150980692442,-0.0429129699370439,biolith_roc_auc_test,Camera-trap refits
febff896-db40-4ac8-bcfe-5bb99a600950,Odocoileus hemionus,mule deer,camera_trap,image_sat_env_baseline,Image+sat+env baseline,clip_visdiff,Camera-trap VisDiff refit,0.5566643740510517,0.3875818096090874,-0.1690825644419643,biolith_roc_auc_test,Camera-trap refits
07843615-e1fc-49d8-9821-fd1d7ff2e773,Dasypus novemcinctus,nine-banded armadillo,camera_trap,image_sat_env_baseline,Image+sat+env baseline,clip_visdiff,Camera-trap VisDiff refit,0.6718824214724202,0.6629624650864064,-0.0089199563860137,biolith_roc_auc_test,Camera-trap refits
b57debc1-dff2-48d3-a400-f2b5021e71b0,Procyon lotor,northern raccoon,camera_trap,image_sat_env_baseline,Image+sat+env baseline,clip_visdiff,Camera-trap VisDiff refit,0.8100023938133972,0.7869970603671788,-0.0230053334462184,biolith_roc_auc_test,Camera-trap refits
ac0e8ba7-7261-4d17-8645-11ed3d02165a,Vulpes vulpes,red fox,camera_trap,image_sat_env_baseline,Image+sat+env baseline,clip_visdiff,Camera-trap VisDiff refit,0.7964899949897777,0.7797021885885658,-0.0167878064012119,biolith_roc_auc_test,Camera-trap refits
87be3a5c-e60a-4e7e-88c7-21544914d067,Didelphis virginiana,virginia opossum,camera_trap,image_sat_env_baseline,Image+sat+env baseline,clip_visdiff,Camera-trap VisDiff refit,0.772992252677689,0.6973578943105125,-0.0756343583671764,biolith_roc_auc_test,Camera-trap refits
16ec4010-f175-4de7-8a99-85aadec3963b,Sciurus griseus,western gray squirrel,camera_trap,image_sat_env_baseline,Image+sat+env baseline,clip_visdiff,Camera-trap VisDiff refit,0.7176178660049628,0.6704714640198511,-0.0471464019851116,biolith_roc_auc_test,Camera-trap refits
5c7ce479-8a45-40b3-ae21-7c97dfae22f5,Odocoileus virginianus,white-tailed deer,camera_trap,image_sat_env_baseline,Image+sat+env baseline,clip_visdiff,Camera-trap VisDiff refit,0.8466663913249985,0.8344308959436739,-0.0122354953813246,biolith_roc_auc_test,Camera-trap refits
436ddfdd-bc43-44c3-a25d-34671d3430a0,Ursus americanus,american black bear,satellite,sat_env_baseline,Sat+env baseline,graft_visdiff_naip,GRAFT NAIP refit,0.8052738046497705,0.7566508622017953,-0.0486229424479751,biolith_roc_auc_test,Satellite refits
ba76d46e-25de-45e2-90a8-bd279b650f7c,Lynx rufus,bobcat,satellite,sat_env_baseline,Sat+env baseline,graft_visdiff_naip,GRAFT NAIP refit,0.7126406362390239,0.6802429611343614,-0.0323976751046624,biolith_roc_auc_test,Satellite refits
5acf63fb-339d-42b1-af7e-95f6151ae5fb,Pecari tajacu,collared peccary,satellite,sat_env_baseline,Sat+env baseline,graft_visdiff_naip,GRAFT NAIP refit,0.7089171974522293,0.7777070063694268,0.0687898089171975,biolith_roc_auc_test,Satellite refits
aaf3b049-36e6-46dd-9a07-8a580e9618b7,Canis latrans,coyote,satellite,sat_env_baseline,Sat+env baseline,graft_visdiff_naip,GRAFT NAIP refit,0.5814777156414166,0.535784363567491,-0.0456933520739255,biolith_roc_auc_test,Satellite refits
f67c4346-bbbd-43d5-9b19-b541d493019b,Tamiasciurus douglasii,douglas's squirrel,satellite,sat_env_baseline,Sat+env baseline,graft_visdiff_naip,GRAFT NAIP refit,0.7031028368794326,0.572163120567376,-0.1309397163120567,biolith_roc_auc_test,Satellite refits
1db1c6e2-2ea9-45a6-ab69-a730133298eb,Tamias striatus,eastern chipmunk,satellite,sat_env_baseline,Sat+env baseline,graft_visdiff_naip,GRAFT NAIP refit,0.706561694566616,0.7194033150385097,0.0128416204718937,biolith_roc_auc_test,Satellite refits
667a4650-a141-4c4e-844e-58cdeaeb4ae1,Sylvilagus floridanus,eastern cottontail,satellite,sat_env_baseline,Sat+env baseline,graft_visdiff_naip,GRAFT NAIP refit,0.6944864493500389,0.6476418795537959,-0.0468445697962429,biolith_roc_auc_test,Satellite refits
e07c537d-08b8-4c31-9768-51e4adf5a5ab,Sciurus niger,eastern fox squirrel,satellite,sat_env_baseline,Sat+env baseline,graft_visdiff_naip,GRAFT NAIP refit,0.8161818320744008,0.7571633628782257,-0.059018469196175,biolith_roc_auc_test,Satellite refits
86f5b978-4f30-40cc-bd08-be9e3fba27a0,Sciurus carolinensis,eastern gray squirrel,satellite,sat_env_baseline,Sat+env baseline,graft_visdiff_naip,GRAFT NAIP refit,0.8168969635646348,0.7864239893023377,-0.0304729742622971,biolith_roc_auc_test,Satellite refits
febff896-db40-4ac8-bcfe-5bb99a600950,Odocoileus hemionus,mule deer,satellite,sat_env_baseline,Sat+env baseline,graft_visdiff_naip,GRAFT NAIP refit,0.372896092604368,0.2685712679029488,-0.1043248247014193,biolith_roc_auc_test,Satellite refits
07843615-e1fc-49d8-9821-fd1d7ff2e773,Dasypus novemcinctus,nine-banded armadillo,satellite,sat_env_baseline,Sat+env baseline,graft_visdiff_naip,GRAFT NAIP refit,0.5846111335155562,0.557301608639154,-0.0273095248764021,biolith_roc_auc_test,Satellite refits
b57debc1-dff2-48d3-a400-f2b5021e71b0,Procyon lotor,northern raccoon,satellite,sat_env_baseline,Sat+env baseline,graft_visdiff_naip,GRAFT NAIP refit,0.7675683988160551,0.6933249693468262,-0.0742434294692289,biolith_roc_auc_test,Satellite refits
ac0e8ba7-7261-4d17-8645-11ed3d02165a,Vulpes vulpes,red fox,satellite,sat_env_baseline,Sat+env baseline,graft_visdiff_naip,GRAFT NAIP refit,0.774278009556623,0.8100128461149407,0.0357348365583177,biolith_roc_auc_test,Satellite refits
87be3a5c-e60a-4e7e-88c7-21544914d067,Didelphis virginiana,virginia opossum,satellite,sat_env_baseline,Sat+env baseline,graft_visdiff_naip,GRAFT NAIP refit,0.645844433936312,0.6251753522693622,-0.0206690816669498,biolith_roc_auc_test,Satellite refits
16ec4010-f175-4de7-8a99-85aadec3963b,Sciurus griseus,western gray squirrel,satellite,sat_env_baseline,Sat+env baseline,graft_visdiff_naip,GRAFT NAIP refit,0.6130272952853598,0.823697270471464,0.2106699751861042,biolith_roc_auc_test,Satellite refits
5c7ce479-8a45-40b3-ae21-7c97dfae22f5,Odocoileus virginianus,white-tailed deer,satellite,sat_env_baseline,Sat+env baseline,graft_visdiff_naip,GRAFT NAIP refit,0.8222307240000478,0.7779601312510259,-0.0442705927490219,biolith_roc_auc_test,Satellite refits
436ddfdd-bc43-44c3-a25d-34671d3430a0,Ursus americanus,american black bear,satellite,sat_env_baseline,Sat+env baseline,graft_visdiff_sentinel,GRAFT Sentinel refit,0.8052738046497705,0.7728873084424017,-0.0323864962073687,biolith_roc_auc_test,Satellite refits
ba76d46e-25de-45e2-90a8-bd279b650f7c,Lynx rufus,bobcat,satellite,sat_env_baseline,Sat+env baseline,graft_visdiff_sentinel,GRAFT Sentinel refit,0.7126406362390239,0.7052833725125484,-0.0073572637264754,biolith_roc_auc_test,Satellite refits
5acf63fb-339d-42b1-af7e-95f6151ae5fb,Pecari tajacu,collared peccary,satellite,sat_env_baseline,Sat+env baseline,graft_visdiff_sentinel,GRAFT Sentinel refit,0.7089171974522293,0.7839490445859872,0.0750318471337579,biolith_roc_auc_test,Satellite refits
aaf3b049-36e6-46dd-9a07-8a580e9618b7,Canis latrans,coyote,satellite,sat_env_baseline,Sat+env baseline,graft_visdiff_sentinel,GRAFT Sentinel refit,0.5814777156414166,0.5302335596160173,-0.0512441560253993,biolith_roc_auc_test,Satellite refits
f67c4346-bbbd-43d5-9b19-b541d493019b,Tamiasciurus douglasii,douglas's squirrel,satellite,sat_env_baseline,Sat+env baseline,graft_visdiff_sentinel,GRAFT Sentinel refit,0.7031028368794326,0.5620567375886525,-0.1410460992907801,biolith_roc_auc_test,Satellite refits
1db1c6e2-2ea9-45a6-ab69-a730133298eb,Tamias striatus,eastern chipmunk,satellite,sat_env_baseline,Sat+env baseline,graft_visdiff_sentinel,GRAFT Sentinel refit,0.706561694566616,0.7185924749092696,0.0120307803426535,biolith_roc_auc_test,Satellite refits
667a4650-a141-4c4e-844e-58cdeaeb4ae1,Sylvilagus floridanus,eastern cottontail,satellite,sat_env_baseline,Sat+env baseline,graft_visdiff_sentinel,GRAFT Sentinel refit,0.6944864493500389,0.6330173021641265,-0.0614691471859123,biolith_roc_auc_test,Satellite refits
e07c537d-08b8-4c31-9768-51e4adf5a5ab,Sciurus niger,eastern fox squirrel,satellite,sat_env_baseline,Sat+env baseline,graft_visdiff_sentinel,GRAFT Sentinel refit,0.8161818320744008,0.7114690215255643,-0.1047128105488364,biolith_roc_auc_test,Satellite refits
86f5b978-4f30-40cc-bd08-be9e3fba27a0,Sciurus carolinensis,eastern gray squirrel,satellite,sat_env_baseline,Sat+env baseline,graft_visdiff_sentinel,GRAFT Sentinel refit,0.8168969635646348,0.8098752771171112,-0.0070216864475236,biolith_roc_auc_test,Satellite refits
febff896-db40-4ac8-bcfe-5bb99a600950,Odocoileus hemionus,mule deer,satellite,sat_env_baseline,Sat+env baseline,graft_visdiff_sentinel,GRAFT Sentinel refit,0.372896092604368,0.294579478062264,-0.078316614542104,biolith_roc_auc_test,Satellite refits
07843615-e1fc-49d8-9821-fd1d7ff2e773,Dasypus novemcinctus,nine-banded armadillo,satellite,sat_env_baseline,Sat+env baseline,graft_visdiff_sentinel,GRAFT Sentinel refit,0.5846111335155562,0.5701483174261774,-0.0144628160893787,biolith_roc_auc_test,Satellite refits
b57debc1-dff2-48d3-a400-f2b5021e71b0,Procyon lotor,northern raccoon,satellite,sat_env_baseline,Sat+env baseline,graft_visdiff_sentinel,GRAFT Sentinel refit,0.7675683988160551,0.6956181976270903,-0.0719502011889647,biolith_roc_auc_test,Satellite refits
ac0e8ba7-7261-4d17-8645-11ed3d02165a,Vulpes vulpes,red fox,satellite,sat_env_baseline,Sat+env baseline,graft_visdiff_sentinel,GRAFT Sentinel refit,0.774278009556623,0.8251974605375739,0.0509194509809509,biolith_roc_auc_test,Satellite refits
87be3a5c-e60a-4e7e-88c7-21544914d067,Didelphis virginiana,virginia opossum,satellite,sat_env_baseline,Sat+env baseline,graft_visdiff_sentinel,GRAFT Sentinel refit,0.645844433936312,0.6391396259046388,-0.0067048080316731,biolith_roc_auc_test,Satellite refits
16ec4010-f175-4de7-8a99-85aadec3963b,Sciurus griseus,western gray squirrel,satellite,sat_env_baseline,Sat+env baseline,graft_visdiff_sentinel,GRAFT Sentinel refit,0.6130272952853598,0.873697270471464,0.2606699751861041,biolith_roc_auc_test,Satellite refits
5c7ce479-8a45-40b3-ae21-7c97dfae22f5,Odocoileus virginianus,white-tailed deer,satellite,sat_env_baseline,Sat+env baseline,graft_visdiff_sentinel,GRAFT Sentinel refit,0.8222307240000478,0.7677913286938262,-0.0544393953062216,biolith_roc_auc_test,Satellite refits
ba76d46e-25de-45e2-90a8-bd279b650f7c,Lynx rufus,bobcat,camera_trap,image_sat_env_baseline,Image+sat+env baseline,clip_expert,Camera-trap expert refit,0.3064579062064362,0.2713803175886019,-0.0350775886178343,lr_map_test,Camera-trap refits
aaf3b049-36e6-46dd-9a07-8a580e9618b7,Canis latrans,coyote,camera_trap,image_sat_env_baseline,Image+sat+env baseline,clip_expert,Camera-trap expert refit,0.5042347473033001,0.4622431265458602,-0.0419916207574398,lr_map_test,Camera-trap refits
e07c537d-08b8-4c31-9768-51e4adf5a5ab,Sciurus niger,eastern fox squirrel,camera_trap,image_sat_env_baseline,Image+sat+env baseline,clip_expert,Camera-trap expert refit,0.3989377214120829,0.4179442317549507,0.0190065103428678,lr_map_test,Camera-trap refits
86f5b978-4f30-40cc-bd08-be9e3fba27a0,Sciurus carolinensis,eastern gray squirrel,camera_trap,image_sat_env_baseline,Image+sat+env baseline,clip_expert,Camera-trap expert refit,0.8556699723858945,0.7773827689894229,-0.0782872033964715,lr_map_test,Camera-trap refits
febff896-db40-4ac8-bcfe-5bb99a600950,Odocoileus hemionus,mule deer,camera_trap,image_sat_env_baseline,Image+sat+env baseline,clip_expert,Camera-trap expert refit,0.1863834639864632,0.1810341597283181,-0.005349304258145,lr_map_test,Camera-trap refits
ac0e8ba7-7261-4d17-8645-11ed3d02165a,Vulpes vulpes,red fox,camera_trap,image_sat_env_baseline,Image+sat+env baseline,clip_expert,Camera-trap expert refit,0.3985957091742926,0.3577144024042717,-0.0408813067700208,lr_map_test,Camera-trap refits
87be3a5c-e60a-4e7e-88c7-21544914d067,Didelphis virginiana,virginia opossum,camera_trap,image_sat_env_baseline,Image+sat+env baseline,clip_expert,Camera-trap expert refit,0.5549698124558831,0.4284592213837747,-0.1265105910721083,lr_map_test,Camera-trap refits
16ec4010-f175-4de7-8a99-85aadec3963b,Sciurus griseus,western gray squirrel,camera_trap,image_sat_env_baseline,Image+sat+env baseline,clip_expert,Camera-trap expert refit,0.4668249479332747,0.3644837452919985,-0.1023412026412761,lr_map_test,Camera-trap refits
436ddfdd-bc43-44c3-a25d-34671d3430a0,Ursus americanus,american black bear,camera_trap,image_sat_env_baseline,Image+sat+env baseline,clip_visdiff,Camera-trap VisDiff refit,0.3519174718091527,0.3881892026068071,0.0362717307976544,lr_map_test,Camera-trap refits
ba76d46e-25de-45e2-90a8-bd279b650f7c,Lynx rufus,bobcat,camera_trap,image_sat_env_baseline,Image+sat+env baseline,clip_visdiff,Camera-trap VisDiff refit,0.3064579062064362,0.2694502892759476,-0.0370076169304885,lr_map_test,Camera-trap refits
5acf63fb-339d-42b1-af7e-95f6151ae5fb,Pecari tajacu,collared peccary,camera_trap,image_sat_env_baseline,Image+sat+env baseline,clip_visdiff,Camera-trap VisDiff refit,0.3879901194057782,0.3997912376520647,0.0118011182462865,lr_map_test,Camera-trap refits
aaf3b049-36e6-46dd-9a07-8a580e9618b7,Canis latrans,coyote,camera_trap,image_sat_env_baseline,Image+sat+env baseline,clip_visdiff,Camera-trap VisDiff refit,0.5042347473033001,0.4785500048732544,-0.0256847424300457,lr_map_test,Camera-trap refits
f67c4346-bbbd-43d5-9b19-b541d493019b,Tamiasciurus douglasii,douglas's squirrel,camera_trap,image_sat_env_baseline,Image+sat+env baseline,clip_visdiff,Camera-trap VisDiff refit,0.446920491516932,0.5977909131470415,0.1508704216301095,lr_map_test,Camera-trap refits
1db1c6e2-2ea9-45a6-ab69-a730133298eb,Tamias striatus,eastern chipmunk,camera_trap,image_sat_env_baseline,Image+sat+env baseline,clip_visdiff,Camera-trap VisDiff refit,0.4372800674545046,0.3018311425931363,-0.1354489248613682,lr_map_test,Camera-trap refits
667a4650-a141-4c4e-844e-58cdeaeb4ae1,Sylvilagus floridanus,eastern cottontail,camera_trap,image_sat_env_baseline,Image+sat+env baseline,clip_visdiff,Camera-trap VisDiff refit,0.3590562937273668,0.3041335936901451,-0.0549227000372217,lr_map_test,Camera-trap refits
e07c537d-08b8-4c31-9768-51e4adf5a5ab,Sciurus niger,eastern fox squirrel,camera_trap,image_sat_env_baseline,Image+sat+env baseline,clip_visdiff,Camera-trap VisDiff refit,0.3989377214120829,0.401834709962045,0.0028969885499621,lr_map_test,Camera-trap refits
86f5b978-4f30-40cc-bd08-be9e3fba27a0,Sciurus carolinensis,eastern gray squirrel,camera_trap,image_sat_env_baseline,Image+sat+env baseline,clip_visdiff,Camera-trap VisDiff refit,0.8556699723858945,0.8110099047045822,-0.0446600676813122,lr_map_test,Camera-trap refits
febff896-db40-4ac8-bcfe-5bb99a600950,Odocoileus hemionus,mule deer,camera_trap,image_sat_env_baseline,Image+sat+env baseline,clip_visdiff,Camera-trap VisDiff refit,0.1863834639864632,0.1842540061246507,-0.0021294578618125,lr_map_test,Camera-trap refits
07843615-e1fc-49d8-9821-fd1d7ff2e773,Dasypus novemcinctus,nine-banded armadillo,camera_trap,image_sat_env_baseline,Image+sat+env baseline,clip_visdiff,Camera-trap VisDiff refit,0.4312909651042318,0.4198183880052609,-0.0114725770989708,lr_map_test,Camera-trap refits
b57debc1-dff2-48d3-a400-f2b5021e71b0,Procyon lotor,northern raccoon,camera_trap,image_sat_env_baseline,Image+sat+env baseline,clip_visdiff,Camera-trap VisDiff refit,0.7995313974212424,0.7640691959037618,-0.0354622015174805,lr_map_test,Camera-trap refits
ac0e8ba7-7261-4d17-8645-11ed3d02165a,Vulpes vulpes,red fox,camera_trap,image_sat_env_baseline,Image+sat+env baseline,clip_visdiff,Camera-trap VisDiff refit,0.3985957091742926,0.3596694441919933,-0.0389262649822992,lr_map_test,Camera-trap refits
87be3a5c-e60a-4e7e-88c7-21544914d067,Didelphis virginiana,virginia opossum,camera_trap,image_sat_env_baseline,Image+sat+env baseline,clip_visdiff,Camera-trap VisDiff refit,0.5549698124558831,0.4337327553638034,-0.1212370570920796,lr_map_test,Camera-trap refits
16ec4010-f175-4de7-8a99-85aadec3963b,Sciurus griseus,western gray squirrel,camera_trap,image_sat_env_baseline,Image+sat+env baseline,clip_visdiff,Camera-trap VisDiff refit,0.4668249479332747,0.4491995516692446,-0.01762539626403,lr_map_test,Camera-trap refits
5c7ce479-8a45-40b3-ae21-7c97dfae22f5,Odocoileus virginianus,white-tailed deer,camera_trap,image_sat_env_baseline,Image+sat+env baseline,clip_visdiff,Camera-trap VisDiff refit,0.9424769966995992,0.9081832303067569,-0.0342937663928423,lr_map_test,Camera-trap refits
436ddfdd-bc43-44c3-a25d-34671d3430a0,Ursus americanus,american black bear,satellite,sat_env_baseline,Sat+env baseline,graft_visdiff_naip,GRAFT NAIP refit,0.3470526715582092,0.2054189120941786,-0.1416337594640305,lr_map_test,Satellite refits
ba76d46e-25de-45e2-90a8-bd279b650f7c,Lynx rufus,bobcat,satellite,sat_env_baseline,Sat+env baseline,graft_visdiff_naip,GRAFT NAIP refit,0.2631451484646351,0.2589027139966972,-0.0042424344679379,lr_map_test,Satellite refits
5acf63fb-339d-42b1-af7e-95f6151ae5fb,Pecari tajacu,collared peccary,satellite,sat_env_baseline,Sat+env baseline,graft_visdiff_naip,GRAFT NAIP refit,0.4039255776876261,0.4816221988689003,0.0776966211812741,lr_map_test,Satellite refits
aaf3b049-36e6-46dd-9a07-8a580e9618b7,Canis latrans,coyote,satellite,sat_env_baseline,Sat+env baseline,graft_visdiff_naip,GRAFT NAIP refit,0.4691175787168954,0.3927976019890558,-0.0763199767278396,lr_map_test,Satellite refits
f67c4346-bbbd-43d5-9b19-b541d493019b,Tamiasciurus douglasii,douglas's squirrel,satellite,sat_env_baseline,Sat+env baseline,graft_visdiff_naip,GRAFT NAIP refit,0.5106111780405669,0.290525815203682,-0.2200853628368848,lr_map_test,Satellite refits
1db1c6e2-2ea9-45a6-ab69-a730133298eb,Tamias striatus,eastern chipmunk,satellite,sat_env_baseline,Sat+env baseline,graft_visdiff_naip,GRAFT NAIP refit,0.257354955575981,0.2099691980821326,-0.0473857574938482,lr_map_test,Satellite refits
667a4650-a141-4c4e-844e-58cdeaeb4ae1,Sylvilagus floridanus,eastern cottontail,satellite,sat_env_baseline,Sat+env baseline,graft_visdiff_naip,GRAFT NAIP refit,0.272358148855122,0.2378677214504481,-0.0344904274046739,lr_map_test,Satellite refits
e07c537d-08b8-4c31-9768-51e4adf5a5ab,Sciurus niger,eastern fox squirrel,satellite,sat_env_baseline,Sat+env baseline,graft_visdiff_naip,GRAFT NAIP refit,0.3837922315011167,0.4995149185357053,0.1157226870345885,lr_map_test,Satellite refits
86f5b978-4f30-40cc-bd08-be9e3fba27a0,Sciurus carolinensis,eastern gray squirrel,satellite,sat_env_baseline,Sat+env baseline,graft_visdiff_naip,GRAFT NAIP refit,0.7571375947025961,0.7305292517096108,-0.0266083429929853,lr_map_test,Satellite refits
febff896-db40-4ac8-bcfe-5bb99a600950,Odocoileus hemionus,mule deer,satellite,sat_env_baseline,Sat+env baseline,graft_visdiff_naip,GRAFT NAIP refit,0.1796774061987171,0.1802845068491042,0.000607100650387,lr_map_test,Satellite refits
07843615-e1fc-49d8-9821-fd1d7ff2e773,Dasypus novemcinctus,nine-banded armadillo,satellite,sat_env_baseline,Sat+env baseline,graft_visdiff_naip,GRAFT NAIP refit,0.3525681690734787,0.3541009936707999,0.0015328245973211,lr_map_test,Satellite refits
b57debc1-dff2-48d3-a400-f2b5021e71b0,Procyon lotor,northern raccoon,satellite,sat_env_baseline,Sat+env baseline,graft_visdiff_naip,GRAFT NAIP refit,0.7536126965387646,0.6593059899180735,-0.094306706620691,lr_map_test,Satellite refits
ac0e8ba7-7261-4d17-8645-11ed3d02165a,Vulpes vulpes,red fox,satellite,sat_env_baseline,Sat+env baseline,graft_visdiff_naip,GRAFT NAIP refit,0.3575602113425238,0.3676148861777432,0.0100546748352193,lr_map_test,Satellite refits
87be3a5c-e60a-4e7e-88c7-21544914d067,Didelphis virginiana,virginia opossum,satellite,sat_env_baseline,Sat+env baseline,graft_visdiff_naip,GRAFT NAIP refit,0.3929693295289106,0.3990517483747355,0.0060824188458249,lr_map_test,Satellite refits
16ec4010-f175-4de7-8a99-85aadec3963b,Sciurus griseus,western gray squirrel,satellite,sat_env_baseline,Sat+env baseline,graft_visdiff_naip,GRAFT NAIP refit,0.3542164131403122,0.3883900465331704,0.0341736333928581,lr_map_test,Satellite refits
5c7ce479-8a45-40b3-ae21-7c97dfae22f5,Odocoileus virginianus,white-tailed deer,satellite,sat_env_baseline,Sat+env baseline,graft_visdiff_naip,GRAFT NAIP refit,0.8985823555137087,0.8985755521753135,-6.80333839520042e-06,lr_map_test,Satellite refits
436ddfdd-bc43-44c3-a25d-34671d3430a0,Ursus americanus,american black bear,satellite,sat_env_baseline,Sat+env baseline,graft_visdiff_sentinel,GRAFT Sentinel refit,0.3470526715582092,0.2229637621120544,-0.1240889094461547,lr_map_test,Satellite refits
ba76d46e-25de-45e2-90a8-bd279b650f7c,Lynx rufus,bobcat,satellite,sat_env_baseline,Sat+env baseline,graft_visdiff_sentinel,GRAFT Sentinel refit,0.2631451484646351,0.2658434407387863,0.0026982922741511,lr_map_test,Satellite refits
5acf63fb-339d-42b1-af7e-95f6151ae5fb,Pecari tajacu,collared peccary,satellite,sat_env_baseline,Sat+env baseline,graft_visdiff_sentinel,GRAFT Sentinel refit,0.4039255776876261,0.4816221988689003,0.0776966211812741,lr_map_test,Satellite refits
aaf3b049-36e6-46dd-9a07-8a580e9618b7,Canis latrans,coyote,satellite,sat_env_baseline,Sat+env baseline,graft_visdiff_sentinel,GRAFT Sentinel refit,0.4691175787168954,0.3885547978282954,-0.0805627808886,lr_map_test,Satellite refits
f67c4346-bbbd-43d5-9b19-b541d493019b,Tamiasciurus douglasii,douglas's squirrel,satellite,sat_env_baseline,Sat+env baseline,graft_visdiff_sentinel,GRAFT Sentinel refit,0.5106111780405669,0.327750884276353,-0.1828602937642138,lr_map_test,Satellite refits
1db1c6e2-2ea9-45a6-ab69-a730133298eb,Tamias striatus,eastern chipmunk,satellite,sat_env_baseline,Sat+env baseline,graft_visdiff_sentinel,GRAFT Sentinel refit,0.257354955575981,0.2208054657903356,-0.0365494897856453,lr_map_test,Satellite refits
667a4650-a141-4c4e-844e-58cdeaeb4ae1,Sylvilagus floridanus,eastern cottontail,satellite,sat_env_baseline,Sat+env baseline,graft_visdiff_sentinel,GRAFT Sentinel refit,0.272358148855122,0.2342929289515224,-0.0380652199035996,lr_map_test,Satellite refits
e07c537d-08b8-4c31-9768-51e4adf5a5ab,Sciurus niger,eastern fox squirrel,satellite,sat_env_baseline,Sat+env baseline,graft_visdiff_sentinel,GRAFT Sentinel refit,0.3837922315011167,0.4179283167484184,0.0341360852473016,lr_map_test,Satellite refits
86f5b978-4f30-40cc-bd08-be9e3fba27a0,Sciurus carolinensis,eastern gray squirrel,satellite,sat_env_baseline,Sat+env baseline,graft_visdiff_sentinel,GRAFT Sentinel refit,0.7571375947025961,0.7804464740231752,0.0233088793205791,lr_map_test,Satellite refits
febff896-db40-4ac8-bcfe-5bb99a600950,Odocoileus hemionus,mule deer,satellite,sat_env_baseline,Sat+env baseline,graft_visdiff_sentinel,GRAFT Sentinel refit,0.1796774061987171,0.1832063975240693,0.0035289913253521,lr_map_test,Satellite refits
07843615-e1fc-49d8-9821-fd1d7ff2e773,Dasypus novemcinctus,nine-banded armadillo,satellite,sat_env_baseline,Sat+env baseline,graft_visdiff_sentinel,GRAFT Sentinel refit,0.3525681690734787,0.3502201512643144,-0.0023480178091643,lr_map_test,Satellite refits
b57debc1-dff2-48d3-a400-f2b5021e71b0,Procyon lotor,northern raccoon,satellite,sat_env_baseline,Sat+env baseline,graft_visdiff_sentinel,GRAFT Sentinel refit,0.7536126965387646,0.6549875759606665,-0.0986251205780981,lr_map_test,Satellite refits
ac0e8ba7-7261-4d17-8645-11ed3d02165a,Vulpes vulpes,red fox,satellite,sat_env_baseline,Sat+env baseline,graft_visdiff_sentinel,GRAFT Sentinel refit,0.3575602113425238,0.3953793318985714,0.0378191205560475,lr_map_test,Satellite refits
87be3a5c-e60a-4e7e-88c7-21544914d067,Didelphis virginiana,virginia opossum,satellite,sat_env_baseline,Sat+env baseline,graft_visdiff_sentinel,GRAFT Sentinel refit,0.3929693295289106,0.4134479926665902,0.0204786631376795,lr_map_test,Satellite refits
16ec4010-f175-4de7-8a99-85aadec3963b,Sciurus griseus,western gray squirrel,satellite,sat_env_baseline,Sat+env baseline,graft_visdiff_sentinel,GRAFT Sentinel refit,0.3542164131403122,0.4421004395085606,0.0878840263682483,lr_map_test,Satellite refits
5c7ce479-8a45-40b3-ae21-7c97dfae22f5,Odocoileus virginianus,white-tailed deer,satellite,sat_env_baseline,Sat+env baseline,graft_visdiff_sentinel,GRAFT Sentinel refit,0.8985823555137087,0.8910742434505429,-0.0075081120631658,lr_map_test,Satellite refits
ba76d46e-25de-45e2-90a8-bd279b650f7c,Lynx rufus,bobcat,camera_trap,image_sat_env_baseline,Image+sat+env baseline,clip_expert,Camera-trap expert refit,0.1173298377974469,0.0407973166609377,-0.0765325211365091,lr_mcc_test,Camera-trap refits
aaf3b049-36e6-46dd-9a07-8a580e9618b7,Canis latrans,coyote,camera_trap,image_sat_env_baseline,Image+sat+env baseline,clip_expert,Camera-trap expert refit,0.0989132717005305,0.0687195127319471,-0.0301937589685834,lr_mcc_test,Camera-trap refits
e07c537d-08b8-4c31-9768-51e4adf5a5ab,Sciurus niger,eastern fox squirrel,camera_trap,image_sat_env_baseline,Image+sat+env baseline,clip_expert,Camera-trap expert refit,0.1234149610277707,0.3114314466803334,0.1880164856525626,lr_mcc_test,Camera-trap refits
86f5b978-4f30-40cc-bd08-be9e3fba27a0,Sciurus carolinensis,eastern gray squirrel,camera_trap,image_sat_env_baseline,Image+sat+env baseline,clip_expert,Camera-trap expert refit,0.580355834222968,0.4491896976958091,-0.1311661365271589,lr_mcc_test,Camera-trap refits
febff896-db40-4ac8-bcfe-5bb99a600950,Odocoileus hemionus,mule deer,camera_trap,image_sat_env_baseline,Image+sat+env baseline,clip_expert,Camera-trap expert refit,-0.262608399368099,-0.3223261771283481,-0.0597177777602491,lr_mcc_test,Camera-trap refits
ac0e8ba7-7261-4d17-8645-11ed3d02165a,Vulpes vulpes,red fox,camera_trap,image_sat_env_baseline,Image+sat+env baseline,clip_expert,Camera-trap expert refit,0.2692379004383549,0.3369029963104323,0.0676650958720774,lr_mcc_test,Camera-trap refits
87be3a5c-e60a-4e7e-88c7-21544914d067,Didelphis virginiana,virginia opossum,camera_trap,image_sat_env_baseline,Image+sat+env baseline,clip_expert,Camera-trap expert refit,0.1898430295555741,0.0692377990217359,-0.1206052305338381,lr_mcc_test,Camera-trap refits
16ec4010-f175-4de7-8a99-85aadec3963b,Sciurus griseus,western gray squirrel,camera_trap,image_sat_env_baseline,Image+sat+env baseline,clip_expert,Camera-trap expert refit,0.0,0.0,0.0,lr_mcc_test,Camera-trap refits
436ddfdd-bc43-44c3-a25d-34671d3430a0,Ursus americanus,american black bear,camera_trap,image_sat_env_baseline,Image+sat+env baseline,clip_visdiff,Camera-trap VisDiff refit,0.265781939880961,0.2665697049145259,0.0007877650335648,lr_mcc_test,Camera-trap refits
ba76d46e-25de-45e2-90a8-bd279b650f7c,Lynx rufus,bobcat,camera_trap,image_sat_env_baseline,Image+sat+env baseline,clip_visdiff,Camera-trap VisDiff refit,0.1173298377974469,0.0497445037670548,-0.067585334030392,lr_mcc_test,Camera-trap refits
5acf63fb-339d-42b1-af7e-95f6151ae5fb,Pecari tajacu,collared peccary,camera_trap,image_sat_env_baseline,Image+sat+env baseline,clip_visdiff,Camera-trap VisDiff refit,0.0,0.0,0.0,lr_mcc_test,Camera-trap refits
aaf3b049-36e6-46dd-9a07-8a580e9618b7,Canis latrans,coyote,camera_trap,image_sat_env_baseline,Image+sat+env baseline,clip_visdiff,Camera-trap VisDiff refit,0.0989132717005305,0.0796083660097405,-0.01930490569079,lr_mcc_test,Camera-trap refits
f67c4346-bbbd-43d5-9b19-b541d493019b,Tamiasciurus douglasii,douglas's squirrel,camera_trap,image_sat_env_baseline,Image+sat+env baseline,clip_visdiff,Camera-trap VisDiff refit,0.0,0.0,0.0,lr_mcc_test,Camera-trap refits
1db1c6e2-2ea9-45a6-ab69-a730133298eb,Tamias striatus,eastern chipmunk,camera_trap,image_sat_env_baseline,Image+sat+env baseline,clip_visdiff,Camera-trap VisDiff refit,0.0302513814487734,0.0,-0.0302513814487734,lr_mcc_test,Camera-trap refits
667a4650-a141-4c4e-844e-58cdeaeb4ae1,Sylvilagus floridanus,eastern cottontail,camera_trap,image_sat_env_baseline,Image+sat+env baseline,clip_visdiff,Camera-trap VisDiff refit,0.0936443947046296,0.0506819623542489,-0.0429624323503806,lr_mcc_test,Camera-trap refits
e07c537d-08b8-4c31-9768-51e4adf5a5ab,Sciurus niger,eastern fox squirrel,camera_trap,image_sat_env_baseline,Image+sat+env baseline,clip_visdiff,Camera-trap VisDiff refit,0.1234149610277707,0.2256783506394798,0.1022633896117091,lr_mcc_test,Camera-trap refits
86f5b978-4f30-40cc-bd08-be9e3fba27a0,Sciurus carolinensis,eastern gray squirrel,camera_trap,image_sat_env_baseline,Image+sat+env baseline,clip_visdiff,Camera-trap VisDiff refit,0.580355834222968,0.4758888242118639,-0.104467010011104,lr_mcc_test,Camera-trap refits
febff896-db40-4ac8-bcfe-5bb99a600950,Odocoileus hemionus,mule deer,camera_trap,image_sat_env_baseline,Image+sat+env baseline,clip_visdiff,Camera-trap VisDiff refit,-0.262608399368099,-0.3093909967991685,-0.0467825974310694,lr_mcc_test,Camera-trap refits
07843615-e1fc-49d8-9821-fd1d7ff2e773,Dasypus novemcinctus,nine-banded armadillo,camera_trap,image_sat_env_baseline,Image+sat+env baseline,clip_visdiff,Camera-trap VisDiff refit,0.0741409277015393,0.0815119361413369,0.0073710084397976,lr_mcc_test,Camera-trap refits
b57debc1-dff2-48d3-a400-f2b5021e71b0,Procyon lotor,northern raccoon,camera_trap,image_sat_env_baseline,Image+sat+env baseline,clip_visdiff,Camera-trap VisDiff refit,0.4495948407069298,0.3895227937270026,-0.0600720469799271,lr_mcc_test,Camera-trap refits
ac0e8ba7-7261-4d17-8645-11ed3d02165a,Vulpes vulpes,red fox,camera_trap,image_sat_env_baseline,Image+sat+env baseline,clip_visdiff,Camera-trap VisDiff refit,0.2692379004383549,0.3163660353134301,0.0471281348750752,lr_mcc_test,Camera-trap refits
87be3a5c-e60a-4e7e-88c7-21544914d067,Didelphis virginiana,virginia opossum,camera_trap,image_sat_env_baseline,Image+sat+env baseline,clip_visdiff,Camera-trap VisDiff refit,0.1898430295555741,0.0952032339940928,-0.0946397955614812,lr_mcc_test,Camera-trap refits
16ec4010-f175-4de7-8a99-85aadec3963b,Sciurus griseus,western gray squirrel,camera_trap,image_sat_env_baseline,Image+sat+env baseline,clip_visdiff,Camera-trap VisDiff refit,0.0,0.0,0.0,lr_mcc_test,Camera-trap refits
5c7ce479-8a45-40b3-ae21-7c97dfae22f5,Odocoileus virginianus,white-tailed deer,camera_trap,image_sat_env_baseline,Image+sat+env baseline,clip_visdiff,Camera-trap VisDiff refit,0.5034883834490202,0.5006991291027244,-0.0027892543462958,lr_mcc_test,Camera-trap refits
436ddfdd-bc43-44c3-a25d-34671d3430a0,Ursus americanus,american black bear,satellite,sat_env_baseline,Sat+env baseline,graft_visdiff_naip,GRAFT NAIP refit,0.2719373703149104,0.1336852841302852,-0.1382520861846251,lr_mcc_test,Satellite refits
ba76d46e-25de-45e2-90a8-bd279b650f7c,Lynx rufus,bobcat,satellite,sat_env_baseline,Sat+env baseline,graft_visdiff_naip,GRAFT NAIP refit,0.0327903183200172,0.0455571131606828,0.0127667948406655,lr_mcc_test,Satellite refits
5acf63fb-339d-42b1-af7e-95f6151ae5fb,Pecari tajacu,collared peccary,satellite,sat_env_baseline,Sat+env baseline,graft_visdiff_naip,GRAFT NAIP refit,0.0,0.2463889127483838,0.2463889127483838,lr_mcc_test,Satellite refits
aaf3b049-36e6-46dd-9a07-8a580e9618b7,Canis latrans,coyote,satellite,sat_env_baseline,Sat+env baseline,graft_visdiff_naip,GRAFT NAIP refit,0.1190941327432658,0.0319902649294862,-0.0871038678137795,lr_mcc_test,Satellite refits
f67c4346-bbbd-43d5-9b19-b541d493019b,Tamiasciurus douglasii,douglas's squirrel,satellite,sat_env_baseline,Sat+env baseline,graft_visdiff_naip,GRAFT NAIP refit,0.0,0.0,0.0,lr_mcc_test,Satellite refits
1db1c6e2-2ea9-45a6-ab69-a730133298eb,Tamias striatus,eastern chipmunk,satellite,sat_env_baseline,Sat+env baseline,graft_visdiff_naip,GRAFT NAIP refit,0.0,0.0083337764620616,0.0083337764620616,lr_mcc_test,Satellite refits
667a4650-a141-4c4e-844e-58cdeaeb4ae1,Sylvilagus floridanus,eastern cottontail,satellite,sat_env_baseline,Sat+env baseline,graft_visdiff_naip,GRAFT NAIP refit,0.0201310503558026,0.024571886173956,0.0044408358181534,lr_mcc_test,Satellite refits
e07c537d-08b8-4c31-9768-51e4adf5a5ab,Sciurus niger,eastern fox squirrel,satellite,sat_env_baseline,Sat+env baseline,graft_visdiff_naip,GRAFT NAIP refit,0.257279339494729,0.5201798751164355,0.2629005356217064,lr_mcc_test,Satellite refits
86f5b978-4f30-40cc-bd08-be9e3fba27a0,Sciurus carolinensis,eastern gray squirrel,satellite,sat_env_baseline,Sat+env baseline,graft_visdiff_naip,GRAFT NAIP refit,0.4149669616512416,0.3551752966676457,-0.0597916649835958,lr_mcc_test,Satellite refits
febff896-db40-4ac8-bcfe-5bb99a600950,Odocoileus hemionus,mule deer,satellite,sat_env_baseline,Sat+env baseline,graft_visdiff_naip,GRAFT NAIP refit,-0.3630214466474385,-0.3655539005313469,-0.0025324538839084,lr_mcc_test,Satellite refits
07843615-e1fc-49d8-9821-fd1d7ff2e773,Dasypus novemcinctus,nine-banded armadillo,satellite,sat_env_baseline,Sat+env baseline,graft_visdiff_naip,GRAFT NAIP refit,0.0350790355820484,0.0688206745310009,0.0337416389489525,lr_mcc_test,Satellite refits
b57debc1-dff2-48d3-a400-f2b5021e71b0,Procyon lotor,northern raccoon,satellite,sat_env_baseline,Sat+env baseline,graft_visdiff_naip,GRAFT NAIP refit,0.3389474418236137,0.2107941216968491,-0.1281533201267645,lr_mcc_test,Satellite refits
ac0e8ba7-7261-4d17-8645-11ed3d02165a,Vulpes vulpes,red fox,satellite,sat_env_baseline,Sat+env baseline,graft_visdiff_naip,GRAFT NAIP refit,0.3275913025093544,0.2178988516342317,-0.1096924508751226,lr_mcc_test,Satellite refits
87be3a5c-e60a-4e7e-88c7-21544914d067,Didelphis virginiana,virginia opossum,satellite,sat_env_baseline,Sat+env baseline,graft_visdiff_naip,GRAFT NAIP refit,0.0090107998740536,0.0433019798306586,0.0342911799566049,lr_mcc_test,Satellite refits
16ec4010-f175-4de7-8a99-85aadec3963b,Sciurus griseus,western gray squirrel,satellite,sat_env_baseline,Sat+env baseline,graft_visdiff_naip,GRAFT NAIP refit,0.0,0.0,0.0,lr_mcc_test,Satellite refits
5c7ce479-8a45-40b3-ae21-7c97dfae22f5,Odocoileus virginianus,white-tailed deer,satellite,sat_env_baseline,Sat+env baseline,graft_visdiff_naip,GRAFT NAIP refit,0.4790843974242746,0.3626840720123693,-0.1164003254119052,lr_mcc_test,Satellite refits
436ddfdd-bc43-44c3-a25d-34671d3430a0,Ursus americanus,american black bear,satellite,sat_env_baseline,Sat+env baseline,graft_visdiff_sentinel,GRAFT Sentinel refit,0.2719373703149104,0.1489324804862962,-0.1230048898286141,lr_mcc_test,Satellite refits
ba76d46e-25de-45e2-90a8-bd279b650f7c,Lynx rufus,bobcat,satellite,sat_env_baseline,Sat+env baseline,graft_visdiff_sentinel,GRAFT Sentinel refit,0.0327903183200172,0.0211808774297935,-0.0116094408902236,lr_mcc_test,Satellite refits
5acf63fb-339d-42b1-af7e-95f6151ae5fb,Pecari tajacu,collared peccary,satellite,sat_env_baseline,Sat+env baseline,graft_visdiff_sentinel,GRAFT Sentinel refit,0.0,0.2463889127483838,0.2463889127483838,lr_mcc_test,Satellite refits
aaf3b049-36e6-46dd-9a07-8a580e9618b7,Canis latrans,coyote,satellite,sat_env_baseline,Sat+env baseline,graft_visdiff_sentinel,GRAFT Sentinel refit,0.1190941327432658,0.026724431937902,-0.0923697008053637,lr_mcc_test,Satellite refits
f67c4346-bbbd-43d5-9b19-b541d493019b,Tamiasciurus douglasii,douglas's squirrel,satellite,sat_env_baseline,Sat+env baseline,graft_visdiff_sentinel,GRAFT Sentinel refit,0.0,0.0,0.0,lr_mcc_test,Satellite refits
1db1c6e2-2ea9-45a6-ab69-a730133298eb,Tamias striatus,eastern chipmunk,satellite,sat_env_baseline,Sat+env baseline,graft_visdiff_sentinel,GRAFT Sentinel refit,0.0,0.0275209280613954,0.0275209280613954,lr_mcc_test,Satellite refits
667a4650-a141-4c4e-844e-58cdeaeb4ae1,Sylvilagus floridanus,eastern cottontail,satellite,sat_env_baseline,Sat+env baseline,graft_visdiff_sentinel,GRAFT Sentinel refit,0.0201310503558026,-0.0231836954638777,-0.0433147458196803,lr_mcc_test,Satellite refits
e07c537d-08b8-4c31-9768-51e4adf5a5ab,Sciurus niger,eastern fox squirrel,satellite,sat_env_baseline,Sat+env baseline,graft_visdiff_sentinel,GRAFT Sentinel refit,0.257279339494729,0.4369894683148862,0.1797101288201572,lr_mcc_test,Satellite refits
86f5b978-4f30-40cc-bd08-be9e3fba27a0,Sciurus carolinensis,eastern gray squirrel,satellite,sat_env_baseline,Sat+env baseline,graft_visdiff_sentinel,GRAFT Sentinel refit,0.4149669616512416,0.4083821238877187,-0.0065848377635228,lr_mcc_test,Satellite refits
febff896-db40-4ac8-bcfe-5bb99a600950,Odocoileus hemionus,mule deer,satellite,sat_env_baseline,Sat+env baseline,graft_visdiff_sentinel,GRAFT Sentinel refit,-0.3630214466474385,-0.3435462914451254,0.0194751552023131,lr_mcc_test,Satellite refits
07843615-e1fc-49d8-9821-fd1d7ff2e773,Dasypus novemcinctus,nine-banded armadillo,satellite,sat_env_baseline,Sat+env baseline,graft_visdiff_sentinel,GRAFT Sentinel refit,0.0350790355820484,0.0295919881707507,-0.0054870474112977,lr_mcc_test,Satellite refits
b57debc1-dff2-48d3-a400-f2b5021e71b0,Procyon lotor,northern raccoon,satellite,sat_env_baseline,Sat+env baseline,graft_visdiff_sentinel,GRAFT Sentinel refit,0.3389474418236137,0.1649351264218155,-0.1740123154017981,lr_mcc_test,Satellite refits
ac0e8ba7-7261-4d17-8645-11ed3d02165a,Vulpes vulpes,red fox,satellite,sat_env_baseline,Sat+env baseline,graft_visdiff_sentinel,GRAFT Sentinel refit,0.3275913025093544,0.2925261857636572,-0.0350651167456971,lr_mcc_test,Satellite refits
87be3a5c-e60a-4e7e-88c7-21544914d067,Didelphis virginiana,virginia opossum,satellite,sat_env_baseline,Sat+env baseline,graft_visdiff_sentinel,GRAFT Sentinel refit,0.0090107998740536,0.0746416633716584,0.0656308634976046,lr_mcc_test,Satellite refits
16ec4010-f175-4de7-8a99-85aadec3963b,Sciurus griseus,western gray squirrel,satellite,sat_env_baseline,Sat+env baseline,graft_visdiff_sentinel,GRAFT Sentinel refit,0.0,0.0,0.0,lr_mcc_test,Satellite refits
5c7ce479-8a45-40b3-ae21-7c97dfae22f5,Odocoileus virginianus,white-tailed deer,satellite,sat_env_baseline,Sat+env baseline,graft_visdiff_sentinel,GRAFT Sentinel refit,0.4790843974242746,0.3428669086681694,-0.1362174887561052,lr_mcc_test,Satellite refits
