taxon_id,scientific_name,common_name,is_final_species,experiment_label,experiment_display_name,domain,reference_label,run_id_filter,modalities,image_backbone,sat_backbone,fit_result_path,fit_result_exists,lppd_test,lppd_null_test,lppd_oracle_test,lppd_test_norm,biolith_ap_test,biolith_roc_auc_test,lr_map_test,lr_precision_test,lr_recall_test,lr_f1_test,lr_mcc_test
00804e75-09ef-44e5-8984-85e365377d47,Antilocapra americana,pronghorn,False,sat_env_baseline,Sat+env baseline,satellite,,,"covariates,sat",,alphaearth,/data/vision/beery/scratch/esierra/text-sat-hab-mmocc/.cache2/.cache/fit_results/00804e75-09ef-44e5-8984-85e365377d47_modalities_covariates_sat_image_None_sat_alphaearth.pkl,True,-504.5235290527344,-629.1326293945312,-604.9796752929688,5.1591660306983185,0.40589017976909636,0.8448818482312399,0.3254578960449121,0.6666666666666666,0.06779661016949153,0.12307692307692308,0.20064977294223676
07843615-e1fc-49d8-9821-fd1d7ff2e773,Dasypus novemcinctus,nine-banded armadillo,True,sat_env_baseline,Sat+env baseline,satellite,,,"covariates,sat",,alphaearth,/data/vision/beery/scratch/esierra/text-sat-hab-mmocc/.cache2/.cache/fit_results/07843615-e1fc-49d8-9821-fd1d7ff2e773_modalities_covariates_sat_image_None_sat_alphaearth.pkl,True,-3429.000732421875,-3498.285888671875,-2288.6533203125,0.05727785284747374,0.35472163043408517,0.5846111335155562,0.35256816907347877,0.3546099290780142,0.12919896640826872,0.1893939393939394,0.035079035582048404
0f2e2c41-f1bb-4cdd-8e97-ba7cffba3e86,Lepus americanus,snowshoe hare,False,sat_env_baseline,Sat+env baseline,satellite,,,"covariates,sat",,alphaearth,/data/vision/beery/scratch/esierra/text-sat-hab-mmocc/.cache2/.cache/fit_results/0f2e2c41-f1bb-4cdd-8e97-ba7cffba3e86_modalities_covariates_sat_image_None_sat_alphaearth.pkl,True,-1388.0772705078125,-1288.0169677734375,-753.3680419921875,-0.1871514145252662,0.1986758587086406,0.8217907106883044,0.2198084379155126,0.0,0.0,0.0,0.0
16ec4010-f175-4de7-8a99-85aadec3963b,Sciurus griseus,western gray squirrel,True,sat_env_baseline,Sat+env baseline,satellite,,,"covariates,sat",,alphaearth,/data/vision/beery/scratch/esierra/text-sat-hab-mmocc/.cache2/.cache/fit_results/16ec4010-f175-4de7-8a99-85aadec3963b_modalities_covariates_sat_image_None_sat_alphaearth.pkl,True,-433.3375244140625,-385.7362976074219,-301.9948425292969,-0.5684308537776417,0.22505413881991637,0.6130272952853598,0.35421641314031227,0.0,0.0,0.0,0.0
1db1c6e2-2ea9-45a6-ab69-a730133298eb,Tamias striatus,eastern chipmunk,True,sat_env_baseline,Sat+env baseline,satellite,,,"covariates,sat",,alphaearth,/data/vision/beery/scratch/esierra/text-sat-hab-mmocc/.cache2/.cache/fit_results/1db1c6e2-2ea9-45a6-ab69-a730133298eb_modalities_covariates_sat_image_None_sat_alphaearth.pkl,True,-3812.78759765625,-4388.4580078125,-2136.755859375,0.2556601060916156,0.2182150759456376,0.706561694566616,0.257354955575981,0.0,0.0,0.0,0.0
41930eb4-2283-445a-8758-1f0b2ff43cf9,Spilogale putorius,eastern spotted skunk,False,sat_env_baseline,Sat+env baseline,satellite,,,"covariates,sat",,alphaearth,/data/vision/beery/scratch/esierra/text-sat-hab-mmocc/.cache2/.cache/fit_results/41930eb4-2283-445a-8758-1f0b2ff43cf9_modalities_covariates_sat_image_None_sat_alphaearth.pkl,True,-42.7557373046875,-44.9064826965332,-44.777679443359375,16.697912039093737,0.01815303758521808,0.9050436580882353,0.046319693628486557,0.045454545454545456,0.5,0.08333333333333333,0.14628684458650643
43320a08-bf31-49a5-8213-f032311c5765,Castor canadensis,american beaver,False,sat_env_baseline,Sat+env baseline,satellite,,,"covariates,sat",,alphaearth,/data/vision/beery/scratch/esierra/text-sat-hab-mmocc/.cache2/.cache/fit_results/43320a08-bf31-49a5-8213-f032311c5765_modalities_covariates_sat_image_None_sat_alphaearth.pkl,True,-287.8675231933594,-312.3160705566406,-296.8301086425781,1.5787554882903334,0.02347225122850728,0.7845435523868568,0.02172260006766138,0.0,0.0,0.0,0.0
436ddfdd-bc43-44c3-a25d-34671d3430a0,Ursus americanus,american black bear,True,sat_env_baseline,Sat+env baseline,satellite,,,"covariates,sat",,alphaearth,/data/vision/beery/scratch/esierra/text-sat-hab-mmocc/.cache2/.cache/fit_results/436ddfdd-bc43-44c3-a25d-34671d3430a0_modalities_covariates_sat_image_None_sat_alphaearth.pkl,True,-2915.734619140625,-3254.254150390625,-1950.6728515625,0.25968424950121444,0.37015265840756595,0.8052738046497705,0.3470526715582092,0.49375,0.2206703910614525,0.305019305019305,0.2719373703149104
5acf63fb-339d-42b1-af7e-95f6151ae5fb,Pecari tajacu,collared peccary,True,sat_env_baseline,Sat+env baseline,satellite,,,"covariates,sat",,alphaearth,/data/vision/beery/scratch/esierra/text-sat-hab-mmocc/.cache2/.cache/fit_results/5acf63fb-339d-42b1-af7e-95f6151ae5fb_modalities_covariates_sat_image_None_sat_alphaearth.pkl,True,-491.2453918457031,-527.4453125,-333.00189208984375,0.18617200097559108,0.408938642910563,0.7089171974522293,0.40392557768762616,0.0,0.0,0.0,0.0
5c7ce479-8a45-40b3-ae21-7c97dfae22f5,Odocoileus virginianus,white-tailed deer,True,sat_env_baseline,Sat+env baseline,satellite,,,"covariates,sat",,alphaearth,/data/vision/beery/scratch/esierra/text-sat-hab-mmocc/.cache2/.cache/fit_results/5c7ce479-8a45-40b3-ae21-7c97dfae22f5_modalities_covariates_sat_image_None_sat_alphaearth.pkl,True,-14127.1572265625,-16769.033203125,-9398.0078125,0.3584136312869886,0.9264034731511737,0.8222307240000478,0.8985823555137087,0.8958509737510584,0.8440366972477065,0.869172314643664,0.4790843974242746
667a4650-a141-4c4e-844e-58cdeaeb4ae1,Sylvilagus floridanus,eastern cottontail,True,sat_env_baseline,Sat+env baseline,satellite,,,"covariates,sat",,alphaearth,/data/vision/beery/scratch/esierra/text-sat-hab-mmocc/.cache2/.cache/fit_results/667a4650-a141-4c4e-844e-58cdeaeb4ae1_modalities_covariates_sat_image_None_sat_alphaearth.pkl,True,-5352.04150390625,-5478.15869140625,-3142.542236328125,0.05399738780988399,0.2771838532656561,0.6944864493500389,0.27235814885512205,0.2857142857142857,0.0074487895716946,0.014519056261343012,0.02013105035580264
819ea972-9d43-40f8-a47d-f415c816de94,Martes americana,american marten,False,sat_env_baseline,Sat+env baseline,satellite,,,"covariates,sat",,alphaearth,/data/vision/beery/scratch/esierra/text-sat-hab-mmocc/.cache2/.cache/fit_results/819ea972-9d43-40f8-a47d-f415c816de94_modalities_covariates_sat_image_None_sat_alphaearth.pkl,True,-56.69847869873047,-46.268733978271484,-45.88753128051758,-27.360102071450015,0.04464249652015949,0.8857142857142857,0.14782163134531726,0.0,0.0,0.0,0.0
86f5b978-4f30-40cc-bd08-be9e3fba27a0,Sciurus carolinensis,eastern gray squirrel,True,sat_env_baseline,Sat+env baseline,satellite,,,"covariates,sat",,alphaearth,/data/vision/beery/scratch/esierra/text-sat-hab-mmocc/.cache2/.cache/fit_results/86f5b978-4f30-40cc-bd08-be9e3fba27a0_modalities_covariates_sat_image_None_sat_alphaearth.pkl,True,-10284.154296875,-12743.1767578125,-6042.35546875,0.36697329399774775,0.7674969718569562,0.8168969635646348,0.7571375947025961,0.7529843893480257,0.5869720830350752,0.6596942880128721,0.4149669616512416
87be3a5c-e60a-4e7e-88c7-21544914d067,Didelphis virginiana,virginia opossum,True,sat_env_baseline,Sat+env baseline,satellite,,,"covariates,sat",,alphaearth,/data/vision/beery/scratch/esierra/text-sat-hab-mmocc/.cache2/.cache/fit_results/87be3a5c-e60a-4e7e-88c7-21544914d067_modalities_covariates_sat_image_None_sat_alphaearth.pkl,True,-9083.0615234375,-8642.29296875,-5326.3603515625,-0.13292446064882646,0.40532509807117556,0.645844433936312,0.3929693295289106,0.34285714285714286,0.025613660618996798,0.047666335650446874,0.009010799874053699
94d8284e-6193-43b5-b80c-9029cf951675,Meleagris gallopavo,,False,sat_env_baseline,Sat+env baseline,satellite,,,"covariates,sat",,alphaearth,/data/vision/beery/scratch/esierra/text-sat-hab-mmocc/.cache2/.cache/fit_results/94d8284e-6193-43b5-b80c-9029cf951675_modalities_covariates_sat_image_None_sat_alphaearth.pkl,True,-4828.24951171875,-4801.458984375,-2893.936279296875,-0.014044670227216383,0.27111734109668406,0.6745502236453276,0.2827022585753851,0.37222222222222223,0.122040072859745,0.18381344307270234,0.1311554974546277
96fe1a07-7ef1-4a2f-99e1-ec2c9a78b532,Ardea herodias,great blue heron,False,sat_env_baseline,Sat+env baseline,satellite,,,"covariates,sat",,alphaearth,/data/vision/beery/scratch/esierra/text-sat-hab-mmocc/.cache2/.cache/fit_results/96fe1a07-7ef1-4a2f-99e1-ec2c9a78b532_modalities_covariates_sat_image_None_sat_alphaearth.pkl,True,-457.38311767578125,-461.35235595703125,-437.3038635253906,0.16505143898449406,0.015075708288772492,0.6292812827558855,0.012978145423915113,0.0,0.0,0.0,0.0
aaf3b049-36e6-46dd-9a07-8a580e9618b7,Canis latrans,coyote,True,sat_env_baseline,Sat+env baseline,satellite,,,"covariates,sat",,alphaearth,/data/vision/beery/scratch/esierra/text-sat-hab-mmocc/.cache2/.cache/fit_results/aaf3b049-36e6-46dd-9a07-8a580e9618b7_modalities_covariates_sat_image_None_sat_alphaearth.pkl,True,-9392.333984375,-9278.3134765625,-5435.07763671875,-0.029667840477136994,0.4721156647915961,0.5814777156414166,0.46911757871689547,0.6132075471698113,0.10196078431372549,0.17484868863483524,0.11909413274326586
ac0e8ba7-7261-4d17-8645-11ed3d02165a,Vulpes vulpes,red fox,True,sat_env_baseline,Sat+env baseline,satellite,,,"covariates,sat",,alphaearth,/data/vision/beery/scratch/esierra/text-sat-hab-mmocc/.cache2/.cache/fit_results/ac0e8ba7-7261-4d17-8645-11ed3d02165a_modalities_covariates_sat_image_None_sat_alphaearth.pkl,True,-4389.236328125,-5081.09130859375,-2655.75341796875,0.28526127561156506,0.35960332947982876,0.774278009556623,0.35756021134252386,0.5497835497835498,0.2803532008830022,0.3713450292397661,0.3275913025093544
b57debc1-dff2-48d3-a400-f2b5021e71b0,Procyon lotor,northern raccoon,True,sat_env_baseline,Sat+env baseline,satellite,,,"covariates,sat",,alphaearth,/data/vision/beery/scratch/esierra/text-sat-hab-mmocc/.cache2/.cache/fit_results/b57debc1-dff2-48d3-a400-f2b5021e71b0_modalities_covariates_sat_image_None_sat_alphaearth.pkl,True,-11732.8193359375,-14259.4296875,-7156.525390625,0.35571510553424035,0.7580747905656094,0.7675683988160551,0.7536126965387646,0.7428571428571429,0.5209192692987625,0.6124004156563907,0.3389474418236137
ba76d46e-25de-45e2-90a8-bd279b650f7c,Lynx rufus,bobcat,True,sat_env_baseline,Sat+env baseline,satellite,,,"covariates,sat",,alphaearth,/data/vision/beery/scratch/esierra/text-sat-hab-mmocc/.cache2/.cache/fit_results/ba76d46e-25de-45e2-90a8-bd279b650f7c_modalities_covariates_sat_image_None_sat_alphaearth.pkl,True,-4025.716796875,-4200.3359375,-2676.748779296875,0.11461053585601286,0.3209899119640143,0.7126406362390239,0.26314514846463516,0.22826086956521738,0.04093567251461988,0.06942148760330578,0.03279031832001724
df4c64cf-306d-4bf2-aa86-9e9c8d81fd41,Mustela frenata,long-tailed weasel,False,sat_env_baseline,Sat+env baseline,satellite,,,"covariates,sat",,alphaearth,/data/vision/beery/scratch/esierra/text-sat-hab-mmocc/.cache2/.cache/fit_results/df4c64cf-306d-4bf2-aa86-9e9c8d81fd41_modalities_covariates_sat_image_None_sat_alphaearth.pkl,True,-359.5281982421875,-374.129638671875,-327.5700378417969,0.3136075088567936,0.018115849225951056,0.6937023711719879,0.015006009788687248,0.0,0.0,0.0,0.0
e07c537d-08b8-4c31-9768-51e4adf5a5ab,Sciurus niger,eastern fox squirrel,True,sat_env_baseline,Sat+env baseline,satellite,,,"covariates,sat",,alphaearth,/data/vision/beery/scratch/esierra/text-sat-hab-mmocc/.cache2/.cache/fit_results/e07c537d-08b8-4c31-9768-51e4adf5a5ab_modalities_covariates_sat_image_None_sat_alphaearth.pkl,True,-4062.866455078125,-6794.6728515625,-2603.09423828125,0.6517368868684688,0.46702204900082944,0.8161818320744008,0.38379223150111674,0.47878787878787876,0.21351351351351353,0.2953271028037383,0.25727933949472903
e70effd7-855e-4ba3-966c-a4fbb74eab13,Taxidea taxus,american badger,False,sat_env_baseline,Sat+env baseline,satellite,,,"covariates,sat",,alphaearth,/data/vision/beery/scratch/esierra/text-sat-hab-mmocc/.cache2/.cache/fit_results/e70effd7-855e-4ba3-966c-a4fbb74eab13_modalities_covariates_sat_image_None_sat_alphaearth.pkl,True,-253.8389129638672,-290.5389404296875,-286.203369140625,8.464865416561084,0.12151541399433748,0.8097346972721224,0.12140280282925757,0.07608695652173914,0.21875,0.11290322580645161,0.09762672468023452
f67c4346-bbbd-43d5-9b19-b541d493019b,Tamiasciurus douglasii,douglas's squirrel,True,sat_env_baseline,Sat+env baseline,satellite,,,"covariates,sat",,alphaearth,/data/vision/beery/scratch/esierra/text-sat-hab-mmocc/.cache2/.cache/fit_results/f67c4346-bbbd-43d5-9b19-b541d493019b_modalities_covariates_sat_image_None_sat_alphaearth.pkl,True,-520.813232421875,-659.9481201171875,-281.64984130859375,0.36779149017939383,0.3463717013821609,0.7031028368794326,0.5106111780405669,0.0,0.0,0.0,0.0
f7fb32b6-1531-44e9-a7e2-a3197edafdb9,Ammospermophilus leucurus,white-tailed antelope squirrel,False,sat_env_baseline,Sat+env baseline,satellite,,,"covariates,sat",,alphaearth,/data/vision/beery/scratch/esierra/text-sat-hab-mmocc/.cache2/.cache/fit_results/f7fb32b6-1531-44e9-a7e2-a3197edafdb9_modalities_covariates_sat_image_None_sat_alphaearth.pkl,True,-179.15231323242188,-340.7539978027344,-160.56483459472656,0.8968446364544232,0.6054779034616616,0.9455555555555556,0.7003837393543276,0.0,0.0,0.0,0.0
febff896-db40-4ac8-bcfe-5bb99a600950,Odocoileus hemionus,mule deer,True,sat_env_baseline,Sat+env baseline,satellite,,,"covariates,sat",,alphaearth,/data/vision/beery/scratch/esierra/text-sat-hab-mmocc/.cache2/.cache/fit_results/febff896-db40-4ac8-bcfe-5bb99a600950_modalities_covariates_sat_image_None_sat_alphaearth.pkl,True,-3375.45947265625,-2724.113525390625,-1568.8446044921875,-0.5638046133527783,0.20487784396725722,0.37289609260436807,0.17967740619871714,0.10586011342155009,0.19112627986348124,0.1362530413625304,-0.3630214466474385
ffe603fc-4920-4302-96d0-65f708bd5b2d,Urocyon cinereoargenteus,grey fox,False,sat_env_baseline,Sat+env baseline,satellite,,,"covariates,sat",,alphaearth,/data/vision/beery/scratch/esierra/text-sat-hab-mmocc/.cache2/.cache/fit_results/ffe603fc-4920-4302-96d0-65f708bd5b2d_modalities_covariates_sat_image_None_sat_alphaearth.pkl,True,-2138.155029296875,-2181.52490234375,-1355.443115234375,0.05250070116983797,0.10427866845148843,0.6747428229665071,0.12863169401861166,0.0,0.0,0.0,0.0
00804e75-09ef-44e5-8984-85e365377d47,Antilocapra americana,pronghorn,False,graft_visdiff_sentinel,GRAFT Sentinel refit,satellite,sat_env_baseline,_v_graft_p4,"covariates,sat",dinov2_vitb14,graft_visdiff_sentinel,/data/vision/beery/scratch/esierra/text-sat-hab-mmocc/.cache2/.cache/fit_results/00804e75-09ef-44e5-8984-85e365377d47_modalities_covariates_sat_image_None_sat_graft_visdiff_sentinel_v_graft_p4.pkl,True,-558.9586791992188,-629.0440063476562,-598.617431640625,2.303424812791745,0.4033204321186394,0.8788241085871017,0.2960689330725083,0.2,0.01694915254237288,0.03125,0.04278661855629005
07843615-e1fc-49d8-9821-fd1d7ff2e773,Dasypus novemcinctus,nine-banded armadillo,True,graft_visdiff_sentinel,GRAFT Sentinel refit,satellite,sat_env_baseline,_v_graft_p4,"covariates,sat",dinov2_vitb14,graft_visdiff_sentinel,/data/vision/beery/scratch/esierra/text-sat-hab-mmocc/.cache2/.cache/fit_results/07843615-e1fc-49d8-9821-fd1d7ff2e773_modalities_covariates_sat_image_None_sat_graft_visdiff_sentinel_v_graft_p4.pkl,True,-3715.050537109375,-3498.2802734375,-2292.262451171875,-0.17974051433555965,0.35435840649149525,0.5590357126853968,0.33699528499978415,0.3051948051948052,0.12144702842377261,0.17375231053604437,-0.0031691754218678486
0f2e2c41-f1bb-4cdd-8e97-ba7cffba3e86,Lepus americanus,snowshoe hare,False,graft_visdiff_sentinel,GRAFT Sentinel refit,satellite,sat_env_baseline,_v_graft_p4,"covariates,sat",dinov2_vitb14,graft_visdiff_sentinel,/data/vision/beery/scratch/esierra/text-sat-hab-mmocc/.cache2/.cache/fit_results/0f2e2c41-f1bb-4cdd-8e97-ba7cffba3e86_modalities_covariates_sat_image_None_sat_graft_visdiff_sentinel_v_graft_p4.pkl,True,-1189.884033203125,-1289.316162109375,-672.7464599609375,0.16126664764710086,0.1669778204870234,0.8209252005222906,0.15301942834597454,0.17857142857142858,0.06666666666666667,0.0970873786407767,0.0869087843955578
16ec4010-f175-4de7-8a99-85aadec3963b,Sciurus griseus,western gray squirrel,True,graft_visdiff_sentinel,GRAFT Sentinel refit,satellite,sat_env_baseline,_v_graft_p4,"covariates,sat",dinov2_vitb14,graft_visdiff_sentinel,/data/vision/beery/scratch/esierra/text-sat-hab-mmocc/.cache2/.cache/fit_results/16ec4010-f175-4de7-8a99-85aadec3963b_modalities_covariates_sat_image_None_sat_graft_visdiff_sentinel_v_graft_p4.pkl,True,-350.00506591796875,-385.1676025390625,-304.739013671875,0.43718952571899505,0.42681923119947895,0.8826302729528536,0.43714023287384535,0.0,0.0,0.0,0.0
1db1c6e2-2ea9-45a6-ab69-a730133298eb,Tamias striatus,eastern chipmunk,True,graft_visdiff_sentinel,GRAFT Sentinel refit,satellite,sat_env_baseline,_v_graft_p4,"covariates,sat",dinov2_vitb14,graft_visdiff_sentinel,/data/vision/beery/scratch/esierra/text-sat-hab-mmocc/.cache2/.cache/fit_results/1db1c6e2-2ea9-45a6-ab69-a730133298eb_modalities_covariates_sat_image_None_sat_graft_visdiff_sentinel_v_graft_p4.pkl,True,-3650.851318359375,-4390.3291015625,-2169.80615234375,0.33301965352949703,0.21533076368362308,0.7186055197547019,0.2183183998106624,0.1610738255033557,0.0712166172106825,0.09876543209876543,0.019290229268681576
41930eb4-2283-445a-8758-1f0b2ff43cf9,Spilogale putorius,eastern spotted skunk,False,graft_visdiff_sentinel,GRAFT Sentinel refit,satellite,sat_env_baseline,_v_graft_p4,"covariates,sat",dinov2_vitb14,graft_visdiff_sentinel,/data/vision/beery/scratch/esierra/text-sat-hab-mmocc/.cache2/.cache/fit_results/41930eb4-2283-445a-8758-1f0b2ff43cf9_modalities_covariates_sat_image_None_sat_graft_visdiff_naip_v_graft_p4.pkl,True,-44.01138687133789,-44.9925537109375,-44.927978515625,15.194175330812854,0.016277731018229748,0.7042164522058824,0.01631803117837491,0.0,0.0,0.0,-0.002602049973911275
43320a08-bf31-49a5-8213-f032311c5765,Castor canadensis,american beaver,False,graft_visdiff_sentinel,GRAFT Sentinel refit,satellite,sat_env_baseline,_v_graft_p4,"covariates,sat",dinov2_vitb14,graft_visdiff_sentinel,/data/vision/beery/scratch/esierra/text-sat-hab-mmocc/.cache2/.cache/fit_results/43320a08-bf31-49a5-8213-f032311c5765_modalities_covariates_sat_image_None_sat_graft_visdiff_sentinel_v_graft_p4.pkl,True,-318.33660888671875,-312.82769775390625,-298.7142333984375,-0.3903301835794754,0.005639249970613339,0.46534020458772474,0.005827870907603306,0.0,0.0,0.0,0.0
436ddfdd-bc43-44c3-a25d-34671d3430a0,Ursus americanus,american black bear,True,graft_visdiff_sentinel,GRAFT Sentinel refit,satellite,sat_env_baseline,_v_graft_p4,"covariates,sat",dinov2_vitb14,graft_visdiff_sentinel,/data/vision/beery/scratch/esierra/text-sat-hab-mmocc/.cache2/.cache/fit_results/436ddfdd-bc43-44c3-a25d-34671d3430a0_modalities_covariates_sat_image_None_sat_graft_visdiff_sentinel_v_graft_p4.pkl,True,-3134.7333984375,-3254.26220703125,-1907.0323486328125,0.0887219117425468,0.2871141132979933,0.7805325532355128,0.25996705334211273,0.3448275862068966,0.27932960893854747,0.30864197530864196,0.22419474652092763
5acf63fb-339d-42b1-af7e-95f6151ae5fb,Pecari tajacu,collared peccary,True,graft_visdiff_sentinel,GRAFT Sentinel refit,satellite,sat_env_baseline,_v_graft_p4,"covariates,sat",dinov2_vitb14,graft_visdiff_sentinel,/data/vision/beery/scratch/esierra/text-sat-hab-mmocc/.cache2/.cache/fit_results/5acf63fb-339d-42b1-af7e-95f6151ae5fb_modalities_covariates_sat_image_None_sat_graft_visdiff_sentinel_v_graft_p4.pkl,True,-480.634765625,-527.4459838867188,-332.0203857421875,0.23953473191929797,0.5217405220720577,0.7650955414012739,0.4816221988689003,0.6666666666666666,0.16,0.25806451612903225,0.24638891274838387
5c7ce479-8a45-40b3-ae21-7c97dfae22f5,Odocoileus virginianus,white-tailed deer,True,graft_visdiff_sentinel,GRAFT Sentinel refit,satellite,sat_env_baseline,_v_graft_p4,"covariates,sat",dinov2_vitb14,graft_visdiff_sentinel,/data/vision/beery/scratch/esierra/text-sat-hab-mmocc/.cache2/.cache/fit_results/5c7ce479-8a45-40b3-ae21-7c97dfae22f5_modalities_covariates_sat_image_None_sat_graft_visdiff_sentinel_v_graft_p4.pkl,True,-15492.080078125,-16767.869140625,-9401.537109375,0.17319190298343232,0.8940484135722171,0.7737177863834126,0.8953310319512435,0.8970438328236493,0.702034303948943,0.7876482434549116,0.3655066668841263
667a4650-a141-4c4e-844e-58cdeaeb4ae1,Sylvilagus floridanus,eastern cottontail,True,graft_visdiff_sentinel,GRAFT Sentinel refit,satellite,sat_env_baseline,_v_graft_p4,"covariates,sat",dinov2_vitb14,graft_visdiff_sentinel,/data/vision/beery/scratch/esierra/text-sat-hab-mmocc/.cache2/.cache/fit_results/667a4650-a141-4c4e-844e-58cdeaeb4ae1_modalities_covariates_sat_image_None_sat_graft_visdiff_sentinel_v_graft_p4.pkl,True,-5577.01708984375,-5477.6904296875,-3180.15771484375,-0.04323188066682436,0.2349083171767569,0.6465119054076043,0.23974295022703668,0.0,0.0,0.0,-0.008187447356815963
819ea972-9d43-40f8-a47d-f415c816de94,Martes americana,american marten,False,graft_visdiff_sentinel,GRAFT Sentinel refit,satellite,sat_env_baseline,_v_graft_p4,"covariates,sat",dinov2_vitb14,graft_visdiff_sentinel,/data/vision/beery/scratch/esierra/text-sat-hab-mmocc/.cache2/.cache/fit_results/819ea972-9d43-40f8-a47d-f415c816de94_modalities_covariates_sat_image_None_sat_graft_visdiff_sentinel_v_graft_p4.pkl,True,-60.41596603393555,-46.26873016357422,-45.649871826171875,-22.860216975898418,0.022606576365588014,0.8181818181818182,0.03576502676209421,0.0,0.0,0.0,-0.008549257168080603
86f5b978-4f30-40cc-bd08-be9e3fba27a0,Sciurus carolinensis,eastern gray squirrel,True,graft_visdiff_sentinel,GRAFT Sentinel refit,satellite,sat_env_baseline,_v_graft_p4,"covariates,sat",dinov2_vitb14,graft_visdiff_sentinel,/data/vision/beery/scratch/esierra/text-sat-hab-mmocc/.cache2/.cache/fit_results/86f5b978-4f30-40cc-bd08-be9e3fba27a0_modalities_covariates_sat_image_None_sat_graft_visdiff_sentinel_v_graft_p4.pkl,True,-10503.3505859375,-12743.17578125,-6061.72607421875,0.3352304205710643,0.7553955996465476,0.8048437453365306,0.7563659512720762,0.7452914798206278,0.5948460987831067,0.6616242038216561,0.41070599069393554
87be3a5c-e60a-4e7e-88c7-21544914d067,Didelphis virginiana,virginia opossum,True,graft_visdiff_sentinel,GRAFT Sentinel refit,satellite,sat_env_baseline,_v_graft_p4,"covariates,sat",dinov2_vitb14,graft_visdiff_sentinel,/data/vision/beery/scratch/esierra/text-sat-hab-mmocc/.cache2/.cache/fit_results/87be3a5c-e60a-4e7e-88c7-21544914d067_modalities_covariates_sat_image_None_sat_graft_visdiff_sentinel_v_graft_p4.pkl,True,-8528.287109375,-8641.0517578125,-5284.64453125,0.03359683161956158,0.40817214470370305,0.638633359510155,0.41742881820270367,0.43349753694581283,0.09391675560298826,0.1543859649122807,0.06855917369110488
94d8284e-6193-43b5-b80c-9029cf951675,Meleagris gallopavo,,False,graft_visdiff_sentinel,GRAFT Sentinel refit,satellite,sat_env_baseline,_v_graft_p4,"covariates,sat",dinov2_vitb14,graft_visdiff_sentinel,/data/vision/beery/scratch/esierra/text-sat-hab-mmocc/.cache2/.cache/fit_results/94d8284e-6193-43b5-b80c-9029cf951675_modalities_covariates_sat_image_None_sat_graft_visdiff_sentinel_v_graft_p4.pkl,True,-5227.30615234375,-4801.73095703125,-2924.00341796875,-0.22664374168202192,0.24442518889748763,0.6213075524009152,0.2412393034760726,0.21739130434782608,0.0273224043715847,0.04854368932038835,0.01889313955579913
96fe1a07-7ef1-4a2f-99e1-ec2c9a78b532,Ardea herodias,great blue heron,False,graft_visdiff_sentinel,GRAFT Sentinel refit,satellite,sat_env_baseline,_v_graft_p4,"covariates,sat",dinov2_vitb14,graft_visdiff_sentinel,/data/vision/beery/scratch/esierra/text-sat-hab-mmocc/.cache2/.cache/fit_results/96fe1a07-7ef1-4a2f-99e1-ec2c9a78b532_modalities_covariates_sat_image_None_sat_graft_visdiff_sentinel_v_graft_p4.pkl,True,-458.84735107421875,-461.2955627441406,-434.4856262207031,0.09131732437268641,0.017089470366733816,0.5950357422778738,0.013027436909408944,0.0,0.0,0.0,0.0
aaf3b049-36e6-46dd-9a07-8a580e9618b7,Canis latrans,coyote,True,graft_visdiff_sentinel,GRAFT Sentinel refit,satellite,sat_env_baseline,_v_graft_p4,"covariates,sat",dinov2_vitb14,graft_visdiff_sentinel,/data/vision/beery/scratch/esierra/text-sat-hab-mmocc/.cache2/.cache/fit_results/aaf3b049-36e6-46dd-9a07-8a580e9618b7_modalities_covariates_sat_image_None_sat_graft_visdiff_sentinel_v_graft_p4.pkl,True,-9594.2587890625,-9277.57421875,-5468.41455078125,-0.08313764659840929,0.4300841242175353,0.5192902499077923,0.3756131970238858,0.52,0.01019607843137255,0.02,0.022869671270557064
ac0e8ba7-7261-4d17-8645-11ed3d02165a,Vulpes vulpes,red fox,True,graft_visdiff_sentinel,GRAFT Sentinel refit,satellite,sat_env_baseline,_v_graft_p4,"covariates,sat",dinov2_vitb14,graft_visdiff_sentinel,/data/vision/beery/scratch/esierra/text-sat-hab-mmocc/.cache2/.cache/fit_results/ac0e8ba7-7261-4d17-8645-11ed3d02165a_modalities_covariates_sat_image_None_sat_graft_visdiff_sentinel_v_graft_p4.pkl,True,-3970.388427734375,-5081.6376953125,-2765.696044921875,0.4798261076183387,0.3991794417066966,0.8209114647024696,0.3821108135624936,0.48695652173913045,0.24724061810154527,0.3279648609077599,0.2767520039890638
b57debc1-dff2-48d3-a400-f2b5021e71b0,Procyon lotor,northern raccoon,True,graft_visdiff_sentinel,GRAFT Sentinel refit,satellite,sat_env_baseline,_v_graft_p4,"covariates,sat",dinov2_vitb14,graft_visdiff_sentinel,/data/vision/beery/scratch/esierra/text-sat-hab-mmocc/.cache2/.cache/fit_results/b57debc1-dff2-48d3-a400-f2b5021e71b0_modalities_covariates_sat_image_None_sat_graft_visdiff_sentinel_v_graft_p4.pkl,True,-12789.951171875,-14254.7763671875,-7225.18603515625,0.20837988077880326,0.7004592919288108,0.7178171643538334,0.6870920598916515,0.6801152737752162,0.41720683559222155,0.5171658144631117,0.2204228755317152
ba76d46e-25de-45e2-90a8-bd279b650f7c,Lynx rufus,bobcat,True,graft_visdiff_sentinel,GRAFT Sentinel refit,satellite,sat_env_baseline,_v_graft_p4,"covariates,sat",dinov2_vitb14,graft_visdiff_sentinel,/data/vision/beery/scratch/esierra/text-sat-hab-mmocc/.cache2/.cache/fit_results/ba76d46e-25de-45e2-90a8-bd279b650f7c_modalities_covariates_sat_image_None_sat_graft_visdiff_sentinel_v_graft_p4.pkl,True,-3927.89892578125,-4202.38671875,-2686.319091796875,0.18105247291665627,0.2651732149806529,0.6846362475954961,0.23948140493697517,0.11428571428571428,0.007797270955165692,0.014598540145985401,-0.012580427975421858
df4c64cf-306d-4bf2-aa86-9e9c8d81fd41,Mustela frenata,long-tailed weasel,False,graft_visdiff_sentinel,GRAFT Sentinel refit,satellite,sat_env_baseline,_v_graft_p4,"covariates,sat",dinov2_vitb14,graft_visdiff_sentinel,/data/vision/beery/scratch/esierra/text-sat-hab-mmocc/.cache2/.cache/fit_results/df4c64cf-306d-4bf2-aa86-9e9c8d81fd41_modalities_covariates_sat_image_None_sat_graft_visdiff_sentinel_v_graft_p4.pkl,True,-348.90411376953125,-373.42578125,-321.7760925292969,0.47476893061389447,0.023035705558514523,0.7472260781702975,0.027414748515893154,0.0,0.0,0.0,0.0
e07c537d-08b8-4c31-9768-51e4adf5a5ab,Sciurus niger,eastern fox squirrel,True,graft_visdiff_sentinel,GRAFT Sentinel refit,satellite,sat_env_baseline,_v_graft_p4,"covariates,sat",dinov2_vitb14,graft_visdiff_sentinel,/data/vision/beery/scratch/esierra/text-sat-hab-mmocc/.cache2/.cache/fit_results/e07c537d-08b8-4c31-9768-51e4adf5a5ab_modalities_covariates_sat_image_None_sat_graft_visdiff_sentinel_v_graft_p4.pkl,True,-5246.4169921875,-6795.70361328125,-2535.150634765625,0.3636351029798768,0.30550814362354944,0.7061110989826661,0.4615417761670711,0.6605166051660517,0.4837837837837838,0.5585023400936038,0.5117383580146198
e70effd7-855e-4ba3-966c-a4fbb74eab13,Taxidea taxus,american badger,False,graft_visdiff_sentinel,GRAFT Sentinel refit,satellite,sat_env_baseline,_v_graft_p4,"covariates,sat",dinov2_vitb14,graft_visdiff_sentinel,/data/vision/beery/scratch/esierra/text-sat-hab-mmocc/.cache2/.cache/fit_results/e70effd7-855e-4ba3-966c-a4fbb74eab13_modalities_covariates_sat_image_None_sat_graft_visdiff_sentinel_v_graft_p4.pkl,True,-272.9330139160156,-290.5645446777344,-284.8717956542969,3.097190951002466,0.048514538748113976,0.7453010645375915,0.041861594619878525,0.0,0.0,0.0,0.0
f67c4346-bbbd-43d5-9b19-b541d493019b,Tamiasciurus douglasii,douglas's squirrel,True,graft_visdiff_sentinel,GRAFT Sentinel refit,satellite,sat_env_baseline,_v_graft_p4,"covariates,sat",dinov2_vitb14,graft_visdiff_sentinel,/data/vision/beery/scratch/esierra/text-sat-hab-mmocc/.cache2/.cache/fit_results/f67c4346-bbbd-43d5-9b19-b541d493019b_modalities_covariates_sat_image_None_sat_graft_visdiff_sentinel_v_graft_p4.pkl,True,-581.1467895507812,-658.9203491210938,-274.32135009765625,0.2022198699627218,0.23089388094835545,0.5734042553191488,0.32147046337258156,0.0,0.0,0.0,0.0
f7fb32b6-1531-44e9-a7e2-a3197edafdb9,Ammospermophilus leucurus,white-tailed antelope squirrel,False,graft_visdiff_sentinel,GRAFT Sentinel refit,satellite,sat_env_baseline,_v_graft_p4,"covariates,sat",dinov2_vitb14,graft_visdiff_sentinel,/data/vision/beery/scratch/esierra/text-sat-hab-mmocc/.cache2/.cache/fit_results/f7fb32b6-1531-44e9-a7e2-a3197edafdb9_modalities_covariates_sat_image_None_sat_graft_visdiff_sentinel_v_graft_p4.pkl,True,-133.3499298095703,-340.91192626953125,-156.9003143310547,1.1279831434190053,0.7459835942924178,0.9842222222222221,0.7396263720799325,0.68,0.9444444444444444,0.7906976744186046,0.7853071417050693
febff896-db40-4ac8-bcfe-5bb99a600950,Odocoileus hemionus,mule deer,True,graft_visdiff_sentinel,GRAFT Sentinel refit,satellite,sat_env_baseline,_v_graft_p4,"covariates,sat",dinov2_vitb14,graft_visdiff_sentinel,/data/vision/beery/scratch/esierra/text-sat-hab-mmocc/.cache2/.cache/fit_results/febff896-db40-4ac8-bcfe-5bb99a600950_modalities_covariates_sat_image_None_sat_graft_visdiff_sentinel_v_graft_p4.pkl,True,-3665.0625,-2724.12255859375,-1576.71484375,-0.8200571856311634,0.185971756785536,0.2756416079454271,0.18238152105286726,0.1051693404634581,0.20136518771331058,0.13817330210772832,-0.3867627844333501
ffe603fc-4920-4302-96d0-65f708bd5b2d,Urocyon cinereoargenteus,grey fox,False,graft_visdiff_sentinel,GRAFT Sentinel refit,satellite,sat_env_baseline,_v_graft_p4,"covariates,sat",dinov2_vitb14,graft_visdiff_sentinel,/data/vision/beery/scratch/esierra/text-sat-hab-mmocc/.cache2/.cache/fit_results/ffe603fc-4920-4302-96d0-65f708bd5b2d_modalities_covariates_sat_image_None_sat_graft_visdiff_sentinel_v_graft_p4.pkl,True,-2113.294921875,-2181.710205078125,-1308.4083251953125,0.07834093201803892,0.16247127564048602,0.758192071086808,0.14883017078529487,0.21359223300970873,0.11578947368421053,0.15017064846416384,0.11986372528001413
00804e75-09ef-44e5-8984-85e365377d47,Antilocapra americana,pronghorn,False,graft_visdiff_naip,GRAFT NAIP refit,satellite,sat_env_baseline,_v_graft_p4,"covariates,sat",dinov2_vitb14,graft_visdiff_naip,/data/vision/beery/scratch/esierra/text-sat-hab-mmocc/.cache2/.cache/fit_results/00804e75-09ef-44e5-8984-85e365377d47_modalities_covariates_sat_image_None_sat_graft_visdiff_sentinel_v_graft_p4.pkl,True,-558.9586791992188,-629.0440063476562,-598.617431640625,2.303424812791745,0.4033204321186394,0.8788241085871017,0.2960689330725083,0.2,0.01694915254237288,0.03125,0.04278661855629005
07843615-e1fc-49d8-9821-fd1d7ff2e773,Dasypus novemcinctus,nine-banded armadillo,True,graft_visdiff_naip,GRAFT NAIP refit,satellite,sat_env_baseline,_v_graft_p4,"covariates,sat",dinov2_vitb14,graft_visdiff_naip,/data/vision/beery/scratch/esierra/text-sat-hab-mmocc/.cache2/.cache/fit_results/07843615-e1fc-49d8-9821-fd1d7ff2e773_modalities_covariates_sat_image_None_sat_graft_visdiff_sentinel_v_graft_p4.pkl,True,-3715.050537109375,-3498.2802734375,-2292.262451171875,-0.17974051433555965,0.35435840649149525,0.5590357126853968,0.33699528499978415,0.3051948051948052,0.12144702842377261,0.17375231053604437,-0.0031691754218678486
0f2e2c41-f1bb-4cdd-8e97-ba7cffba3e86,Lepus americanus,snowshoe hare,False,graft_visdiff_naip,GRAFT NAIP refit,satellite,sat_env_baseline,_v_graft_p4,"covariates,sat",dinov2_vitb14,graft_visdiff_naip,/data/vision/beery/scratch/esierra/text-sat-hab-mmocc/.cache2/.cache/fit_results/0f2e2c41-f1bb-4cdd-8e97-ba7cffba3e86_modalities_covariates_sat_image_None_sat_graft_visdiff_sentinel_v_graft_p4.pkl,True,-1189.884033203125,-1289.316162109375,-672.7464599609375,0.16126664764710086,0.1669778204870234,0.8209252005222906,0.15301942834597454,0.17857142857142858,0.06666666666666667,0.0970873786407767,0.0869087843955578
16ec4010-f175-4de7-8a99-85aadec3963b,Sciurus griseus,western gray squirrel,True,graft_visdiff_naip,GRAFT NAIP refit,satellite,sat_env_baseline,_v_graft_p4,"covariates,sat",dinov2_vitb14,graft_visdiff_naip,/data/vision/beery/scratch/esierra/text-sat-hab-mmocc/.cache2/.cache/fit_results/16ec4010-f175-4de7-8a99-85aadec3963b_modalities_covariates_sat_image_None_sat_graft_visdiff_sentinel_v_graft_p4.pkl,True,-350.00506591796875,-385.1676025390625,-304.739013671875,0.43718952571899505,0.42681923119947895,0.8826302729528536,0.43714023287384535,0.0,0.0,0.0,0.0
1db1c6e2-2ea9-45a6-ab69-a730133298eb,Tamias striatus,eastern chipmunk,True,graft_visdiff_naip,GRAFT NAIP refit,satellite,sat_env_baseline,_v_graft_p4,"covariates,sat",dinov2_vitb14,graft_visdiff_naip,/data/vision/beery/scratch/esierra/text-sat-hab-mmocc/.cache2/.cache/fit_results/1db1c6e2-2ea9-45a6-ab69-a730133298eb_modalities_covariates_sat_image_None_sat_graft_visdiff_sentinel_v_graft_p4.pkl,True,-3650.851318359375,-4390.3291015625,-2169.80615234375,0.33301965352949703,0.21533076368362308,0.7186055197547019,0.2183183998106624,0.1610738255033557,0.0712166172106825,0.09876543209876543,0.019290229268681576
41930eb4-2283-445a-8758-1f0b2ff43cf9,Spilogale putorius,eastern spotted skunk,False,graft_visdiff_naip,GRAFT NAIP refit,satellite,sat_env_baseline,_v_graft_p4,"covariates,sat",dinov2_vitb14,graft_visdiff_naip,/data/vision/beery/scratch/esierra/text-sat-hab-mmocc/.cache2/.cache/fit_results/41930eb4-2283-445a-8758-1f0b2ff43cf9_modalities_covariates_sat_image_None_sat_graft_visdiff_naip_v_graft_p4.pkl,True,-44.01138687133789,-44.9925537109375,-44.927978515625,15.194175330812854,0.016277731018229748,0.7042164522058824,0.01631803117837491,0.0,0.0,0.0,-0.002602049973911275
43320a08-bf31-49a5-8213-f032311c5765,Castor canadensis,american beaver,False,graft_visdiff_naip,GRAFT NAIP refit,satellite,sat_env_baseline,_v_graft_p4,"covariates,sat",dinov2_vitb14,graft_visdiff_naip,/data/vision/beery/scratch/esierra/text-sat-hab-mmocc/.cache2/.cache/fit_results/43320a08-bf31-49a5-8213-f032311c5765_modalities_covariates_sat_image_None_sat_graft_visdiff_sentinel_v_graft_p4.pkl,True,-318.33660888671875,-312.82769775390625,-298.7142333984375,-0.3903301835794754,0.005639249970613339,0.46534020458772474,0.005827870907603306,0.0,0.0,0.0,0.0
436ddfdd-bc43-44c3-a25d-34671d3430a0,Ursus americanus,american black bear,True,graft_visdiff_naip,GRAFT NAIP refit,satellite,sat_env_baseline,_v_graft_p4,"covariates,sat",dinov2_vitb14,graft_visdiff_naip,/data/vision/beery/scratch/esierra/text-sat-hab-mmocc/.cache2/.cache/fit_results/436ddfdd-bc43-44c3-a25d-34671d3430a0_modalities_covariates_sat_image_None_sat_graft_visdiff_sentinel_v_graft_p4.pkl,True,-3134.7333984375,-3254.26220703125,-1907.0323486328125,0.0887219117425468,0.2871141132979933,0.7805325532355128,0.25996705334211273,0.3448275862068966,0.27932960893854747,0.30864197530864196,0.22419474652092763
5acf63fb-339d-42b1-af7e-95f6151ae5fb,Pecari tajacu,collared peccary,True,graft_visdiff_naip,GRAFT NAIP refit,satellite,sat_env_baseline,_v_graft_p4,"covariates,sat",dinov2_vitb14,graft_visdiff_naip,/data/vision/beery/scratch/esierra/text-sat-hab-mmocc/.cache2/.cache/fit_results/5acf63fb-339d-42b1-af7e-95f6151ae5fb_modalities_covariates_sat_image_None_sat_graft_visdiff_sentinel_v_graft_p4.pkl,True,-480.634765625,-527.4459838867188,-332.0203857421875,0.23953473191929797,0.5217405220720577,0.7650955414012739,0.4816221988689003,0.6666666666666666,0.16,0.25806451612903225,0.24638891274838387
5c7ce479-8a45-40b3-ae21-7c97dfae22f5,Odocoileus virginianus,white-tailed deer,True,graft_visdiff_naip,GRAFT NAIP refit,satellite,sat_env_baseline,_v_graft_p4,"covariates,sat",dinov2_vitb14,graft_visdiff_naip,/data/vision/beery/scratch/esierra/text-sat-hab-mmocc/.cache2/.cache/fit_results/5c7ce479-8a45-40b3-ae21-7c97dfae22f5_modalities_covariates_sat_image_None_sat_graft_visdiff_sentinel_v_graft_p4.pkl,True,-15492.080078125,-16767.869140625,-9401.537109375,0.17319190298343232,0.8940484135722171,0.7737177863834126,0.8953310319512435,0.8970438328236493,0.702034303948943,0.7876482434549116,0.3655066668841263
667a4650-a141-4c4e-844e-58cdeaeb4ae1,Sylvilagus floridanus,eastern cottontail,True,graft_visdiff_naip,GRAFT NAIP refit,satellite,sat_env_baseline,_v_graft_p4,"covariates,sat",dinov2_vitb14,graft_visdiff_naip,/data/vision/beery/scratch/esierra/text-sat-hab-mmocc/.cache2/.cache/fit_results/667a4650-a141-4c4e-844e-58cdeaeb4ae1_modalities_covariates_sat_image_None_sat_graft_visdiff_sentinel_v_graft_p4.pkl,True,-5577.01708984375,-5477.6904296875,-3180.15771484375,-0.04323188066682436,0.2349083171767569,0.6465119054076043,0.23974295022703668,0.0,0.0,0.0,-0.008187447356815963
819ea972-9d43-40f8-a47d-f415c816de94,Martes americana,american marten,False,graft_visdiff_naip,GRAFT NAIP refit,satellite,sat_env_baseline,_v_graft_p4,"covariates,sat",dinov2_vitb14,graft_visdiff_naip,/data/vision/beery/scratch/esierra/text-sat-hab-mmocc/.cache2/.cache/fit_results/819ea972-9d43-40f8-a47d-f415c816de94_modalities_covariates_sat_image_None_sat_graft_visdiff_sentinel_v_graft_p4.pkl,True,-60.41596603393555,-46.26873016357422,-45.649871826171875,-22.860216975898418,0.022606576365588014,0.8181818181818182,0.03576502676209421,0.0,0.0,0.0,-0.008549257168080603
86f5b978-4f30-40cc-bd08-be9e3fba27a0,Sciurus carolinensis,eastern gray squirrel,True,graft_visdiff_naip,GRAFT NAIP refit,satellite,sat_env_baseline,_v_graft_p4,"covariates,sat",dinov2_vitb14,graft_visdiff_naip,/data/vision/beery/scratch/esierra/text-sat-hab-mmocc/.cache2/.cache/fit_results/86f5b978-4f30-40cc-bd08-be9e3fba27a0_modalities_covariates_sat_image_None_sat_graft_visdiff_sentinel_v_graft_p4.pkl,True,-10503.3505859375,-12743.17578125,-6061.72607421875,0.3352304205710643,0.7553955996465476,0.8048437453365306,0.7563659512720762,0.7452914798206278,0.5948460987831067,0.6616242038216561,0.41070599069393554
87be3a5c-e60a-4e7e-88c7-21544914d067,Didelphis virginiana,virginia opossum,True,graft_visdiff_naip,GRAFT NAIP refit,satellite,sat_env_baseline,_v_graft_p4,"covariates,sat",dinov2_vitb14,graft_visdiff_naip,/data/vision/beery/scratch/esierra/text-sat-hab-mmocc/.cache2/.cache/fit_results/87be3a5c-e60a-4e7e-88c7-21544914d067_modalities_covariates_sat_image_None_sat_graft_visdiff_sentinel_v_graft_p4.pkl,True,-8528.287109375,-8641.0517578125,-5284.64453125,0.03359683161956158,0.40817214470370305,0.638633359510155,0.41742881820270367,0.43349753694581283,0.09391675560298826,0.1543859649122807,0.06855917369110488
94d8284e-6193-43b5-b80c-9029cf951675,Meleagris gallopavo,,False,graft_visdiff_naip,GRAFT NAIP refit,satellite,sat_env_baseline,_v_graft_p4,"covariates,sat",dinov2_vitb14,graft_visdiff_naip,/data/vision/beery/scratch/esierra/text-sat-hab-mmocc/.cache2/.cache/fit_results/94d8284e-6193-43b5-b80c-9029cf951675_modalities_covariates_sat_image_None_sat_graft_visdiff_sentinel_v_graft_p4.pkl,True,-5227.30615234375,-4801.73095703125,-2924.00341796875,-0.22664374168202192,0.24442518889748763,0.6213075524009152,0.2412393034760726,0.21739130434782608,0.0273224043715847,0.04854368932038835,0.01889313955579913
96fe1a07-7ef1-4a2f-99e1-ec2c9a78b532,Ardea herodias,great blue heron,False,graft_visdiff_naip,GRAFT NAIP refit,satellite,sat_env_baseline,_v_graft_p4,"covariates,sat",dinov2_vitb14,graft_visdiff_naip,/data/vision/beery/scratch/esierra/text-sat-hab-mmocc/.cache2/.cache/fit_results/96fe1a07-7ef1-4a2f-99e1-ec2c9a78b532_modalities_covariates_sat_image_None_sat_graft_visdiff_sentinel_v_graft_p4.pkl,True,-458.84735107421875,-461.2955627441406,-434.4856262207031,0.09131732437268641,0.017089470366733816,0.5950357422778738,0.013027436909408944,0.0,0.0,0.0,0.0
aaf3b049-36e6-46dd-9a07-8a580e9618b7,Canis latrans,coyote,True,graft_visdiff_naip,GRAFT NAIP refit,satellite,sat_env_baseline,_v_graft_p4,"covariates,sat",dinov2_vitb14,graft_visdiff_naip,/data/vision/beery/scratch/esierra/text-sat-hab-mmocc/.cache2/.cache/fit_results/aaf3b049-36e6-46dd-9a07-8a580e9618b7_modalities_covariates_sat_image_None_sat_graft_visdiff_sentinel_v_graft_p4.pkl,True,-9594.2587890625,-9277.57421875,-5468.41455078125,-0.08313764659840929,0.4300841242175353,0.5192902499077923,0.3756131970238858,0.52,0.01019607843137255,0.02,0.022869671270557064
ac0e8ba7-7261-4d17-8645-11ed3d02165a,Vulpes vulpes,red fox,True,graft_visdiff_naip,GRAFT NAIP refit,satellite,sat_env_baseline,_v_graft_p4,"covariates,sat",dinov2_vitb14,graft_visdiff_naip,/data/vision/beery/scratch/esierra/text-sat-hab-mmocc/.cache2/.cache/fit_results/ac0e8ba7-7261-4d17-8645-11ed3d02165a_modalities_covariates_sat_image_None_sat_graft_visdiff_sentinel_v_graft_p4.pkl,True,-3970.388427734375,-5081.6376953125,-2765.696044921875,0.4798261076183387,0.3991794417066966,0.8209114647024696,0.3821108135624936,0.48695652173913045,0.24724061810154527,0.3279648609077599,0.2767520039890638
b57debc1-dff2-48d3-a400-f2b5021e71b0,Procyon lotor,northern raccoon,True,graft_visdiff_naip,GRAFT NAIP refit,satellite,sat_env_baseline,_v_graft_p4,"covariates,sat",dinov2_vitb14,graft_visdiff_naip,/data/vision/beery/scratch/esierra/text-sat-hab-mmocc/.cache2/.cache/fit_results/b57debc1-dff2-48d3-a400-f2b5021e71b0_modalities_covariates_sat_image_None_sat_graft_visdiff_sentinel_v_graft_p4.pkl,True,-12789.951171875,-14254.7763671875,-7225.18603515625,0.20837988077880326,0.7004592919288108,0.7178171643538334,0.6870920598916515,0.6801152737752162,0.41720683559222155,0.5171658144631117,0.2204228755317152
ba76d46e-25de-45e2-90a8-bd279b650f7c,Lynx rufus,bobcat,True,graft_visdiff_naip,GRAFT NAIP refit,satellite,sat_env_baseline,_v_graft_p4,"covariates,sat",dinov2_vitb14,graft_visdiff_naip,/data/vision/beery/scratch/esierra/text-sat-hab-mmocc/.cache2/.cache/fit_results/ba76d46e-25de-45e2-90a8-bd279b650f7c_modalities_covariates_sat_image_None_sat_graft_visdiff_sentinel_v_graft_p4.pkl,True,-3927.89892578125,-4202.38671875,-2686.319091796875,0.18105247291665627,0.2651732149806529,0.6846362475954961,0.23948140493697517,0.11428571428571428,0.007797270955165692,0.014598540145985401,-0.012580427975421858
df4c64cf-306d-4bf2-aa86-9e9c8d81fd41,Mustela frenata,long-tailed weasel,False,graft_visdiff_naip,GRAFT NAIP refit,satellite,sat_env_baseline,_v_graft_p4,"covariates,sat",dinov2_vitb14,graft_visdiff_naip,/data/vision/beery/scratch/esierra/text-sat-hab-mmocc/.cache2/.cache/fit_results/df4c64cf-306d-4bf2-aa86-9e9c8d81fd41_modalities_covariates_sat_image_None_sat_graft_visdiff_sentinel_v_graft_p4.pkl,True,-348.90411376953125,-373.42578125,-321.7760925292969,0.47476893061389447,0.023035705558514523,0.7472260781702975,0.027414748515893154,0.0,0.0,0.0,0.0
e07c537d-08b8-4c31-9768-51e4adf5a5ab,Sciurus niger,eastern fox squirrel,True,graft_visdiff_naip,GRAFT NAIP refit,satellite,sat_env_baseline,_v_graft_p4,"covariates,sat",dinov2_vitb14,graft_visdiff_naip,/data/vision/beery/scratch/esierra/text-sat-hab-mmocc/.cache2/.cache/fit_results/e07c537d-08b8-4c31-9768-51e4adf5a5ab_modalities_covariates_sat_image_None_sat_graft_visdiff_sentinel_v_graft_p4.pkl,True,-5246.4169921875,-6795.70361328125,-2535.150634765625,0.3636351029798768,0.30550814362354944,0.7061110989826661,0.4615417761670711,0.6605166051660517,0.4837837837837838,0.5585023400936038,0.5117383580146198
e70effd7-855e-4ba3-966c-a4fbb74eab13,Taxidea taxus,american badger,False,graft_visdiff_naip,GRAFT NAIP refit,satellite,sat_env_baseline,_v_graft_p4,"covariates,sat",dinov2_vitb14,graft_visdiff_naip,/data/vision/beery/scratch/esierra/text-sat-hab-mmocc/.cache2/.cache/fit_results/e70effd7-855e-4ba3-966c-a4fbb74eab13_modalities_covariates_sat_image_None_sat_graft_visdiff_sentinel_v_graft_p4.pkl,True,-272.9330139160156,-290.5645446777344,-284.8717956542969,3.097190951002466,0.048514538748113976,0.7453010645375915,0.041861594619878525,0.0,0.0,0.0,0.0
f67c4346-bbbd-43d5-9b19-b541d493019b,Tamiasciurus douglasii,douglas's squirrel,True,graft_visdiff_naip,GRAFT NAIP refit,satellite,sat_env_baseline,_v_graft_p4,"covariates,sat",dinov2_vitb14,graft_visdiff_naip,/data/vision/beery/scratch/esierra/text-sat-hab-mmocc/.cache2/.cache/fit_results/f67c4346-bbbd-43d5-9b19-b541d493019b_modalities_covariates_sat_image_None_sat_graft_visdiff_sentinel_v_graft_p4.pkl,True,-581.1467895507812,-658.9203491210938,-274.32135009765625,0.2022198699627218,0.23089388094835545,0.5734042553191488,0.32147046337258156,0.0,0.0,0.0,0.0
f7fb32b6-1531-44e9-a7e2-a3197edafdb9,Ammospermophilus leucurus,white-tailed antelope squirrel,False,graft_visdiff_naip,GRAFT NAIP refit,satellite,sat_env_baseline,_v_graft_p4,"covariates,sat",dinov2_vitb14,graft_visdiff_naip,/data/vision/beery/scratch/esierra/text-sat-hab-mmocc/.cache2/.cache/fit_results/f7fb32b6-1531-44e9-a7e2-a3197edafdb9_modalities_covariates_sat_image_None_sat_graft_visdiff_sentinel_v_graft_p4.pkl,True,-133.3499298095703,-340.91192626953125,-156.9003143310547,1.1279831434190053,0.7459835942924178,0.9842222222222221,0.7396263720799325,0.68,0.9444444444444444,0.7906976744186046,0.7853071417050693
febff896-db40-4ac8-bcfe-5bb99a600950,Odocoileus hemionus,mule deer,True,graft_visdiff_naip,GRAFT NAIP refit,satellite,sat_env_baseline,_v_graft_p4,"covariates,sat",dinov2_vitb14,graft_visdiff_naip,/data/vision/beery/scratch/esierra/text-sat-hab-mmocc/.cache2/.cache/fit_results/febff896-db40-4ac8-bcfe-5bb99a600950_modalities_covariates_sat_image_None_sat_graft_visdiff_sentinel_v_graft_p4.pkl,True,-3665.0625,-2724.12255859375,-1576.71484375,-0.8200571856311634,0.185971756785536,0.2756416079454271,0.18238152105286726,0.1051693404634581,0.20136518771331058,0.13817330210772832,-0.3867627844333501
ffe603fc-4920-4302-96d0-65f708bd5b2d,Urocyon cinereoargenteus,grey fox,False,graft_visdiff_naip,GRAFT NAIP refit,satellite,sat_env_baseline,_v_graft_p4,"covariates,sat",dinov2_vitb14,graft_visdiff_naip,/data/vision/beery/scratch/esierra/text-sat-hab-mmocc/.cache2/.cache/fit_results/ffe603fc-4920-4302-96d0-65f708bd5b2d_modalities_covariates_sat_image_None_sat_graft_visdiff_sentinel_v_graft_p4.pkl,True,-2113.294921875,-2181.710205078125,-1308.4083251953125,0.07834093201803892,0.16247127564048602,0.758192071086808,0.14883017078529487,0.21359223300970873,0.11578947368421053,0.15017064846416384,0.11986372528001413
00804e75-09ef-44e5-8984-85e365377d47,Antilocapra americana,pronghorn,False,image_sat_env_baseline,Image+sat+env baseline,camera_trap,,,"covariates,image,sat",dinov2_vitb14,alphaearth,/data/vision/beery/scratch/esierra/text-sat-hab-mmocc/.cache2/.cache/fit_results/00804e75-09ef-44e5-8984-85e365377d47_modalities_covariates_image_sat_image_dinov2_vitb14_sat_alphaearth.pkl,True,-601.2467041015625,-629.1326293945312,-604.9796752929688,1.1545554707597758,0.34739745264868194,0.8195372389056896,0.19823800076861584,0.14285714285714285,0.01694915254237288,0.030303030303030304,0.030329792440206272
07843615-e1fc-49d8-9821-fd1d7ff2e773,Dasypus novemcinctus,nine-banded armadillo,True,image_sat_env_baseline,Image+sat+env baseline,camera_trap,,,"covariates,image,sat",dinov2_vitb14,alphaearth,/data/vision/beery/scratch/esierra/text-sat-hab-mmocc/.cache2/.cache/fit_results/07843615-e1fc-49d8-9821-fd1d7ff2e773_modalities_covariates_image_sat_image_dinov2_vitb14_sat_alphaearth.pkl,True,-3343.42041015625,-3498.285888671875,-2288.6533203125,0.12802687573605023,0.4398406019124916,0.6718824214724202,0.4312909651042318,0.5714285714285714,0.031007751937984496,0.058823529411764705,0.07414092770153932
0f2e2c41-f1bb-4cdd-8e97-ba7cffba3e86,Lepus americanus,snowshoe hare,False,image_sat_env_baseline,Image+sat+env baseline,camera_trap,,,"covariates,image,sat",dinov2_vitb14,alphaearth,/data/vision/beery/scratch/esierra/text-sat-hab-mmocc/.cache2/.cache/fit_results/0f2e2c41-f1bb-4cdd-8e97-ba7cffba3e86_modalities_covariates_image_sat_image_dinov2_vitb14_sat_alphaearth.pkl,True,-1199.972412109375,-1288.0169677734375,-753.3680419921875,0.16467732640705926,0.19110211814335296,0.8273157992911772,0.19440490227471638,0.27586206896551724,0.10666666666666667,0.15384615384615385,0.15071209721142892
16ec4010-f175-4de7-8a99-85aadec3963b,Sciurus griseus,western gray squirrel,True,image_sat_env_baseline,Image+sat+env baseline,camera_trap,,,"covariates,image,sat",dinov2_vitb14,alphaearth,/data/vision/beery/scratch/esierra/text-sat-hab-mmocc/.cache2/.cache/fit_results/16ec4010-f175-4de7-8a99-85aadec3963b_modalities_covariates_image_sat_image_dinov2_vitb14_sat_alphaearth.pkl,True,-364.8016357421875,-385.7362976074219,-301.9948425292969,0.24999161819798546,0.38211879484543787,0.7176178660049628,0.4668249479332747,0.0,0.0,0.0,0.0
1db1c6e2-2ea9-45a6-ab69-a730133298eb,Tamias striatus,eastern chipmunk,True,image_sat_env_baseline,Image+sat+env baseline,camera_trap,,,"covariates,image,sat",dinov2_vitb14,alphaearth,/data/vision/beery/scratch/esierra/text-sat-hab-mmocc/.cache2/.cache/fit_results/1db1c6e2-2ea9-45a6-ab69-a730133298eb_modalities_covariates_image_sat_image_dinov2_vitb14_sat_alphaearth.pkl,True,-3207.900146484375,-4388.4580078125,-2136.755859375,0.5242957476180129,0.33059242014587026,0.7819711997275687,0.4372800674545046,0.5,0.002967359050445104,0.0058997050147492625,0.030251381448773408
41930eb4-2283-445a-8758-1f0b2ff43cf9,Spilogale putorius,eastern spotted skunk,False,image_sat_env_baseline,Image+sat+env baseline,camera_trap,,,"covariates,image,sat",dinov2_vitb14,alphaearth,/data/vision/beery/scratch/esierra/text-sat-hab-mmocc/.cache2/.cache/fit_results/41930eb4-2283-445a-8758-1f0b2ff43cf9_modalities_covariates_image_sat_image_dinov2_vitb14_sat_alphaearth.pkl,True,-43.091094970703125,-44.9064826965332,-44.777679443359375,14.094269213682807,0.010739850022459918,0.8130744485294118,0.009651366505387681,0.0,0.0,0.0,0.0
43320a08-bf31-49a5-8213-f032311c5765,Castor canadensis,american beaver,False,image_sat_env_baseline,Image+sat+env baseline,camera_trap,,,"covariates,image,sat",dinov2_vitb14,alphaearth,/data/vision/beery/scratch/esierra/text-sat-hab-mmocc/.cache2/.cache/fit_results/43320a08-bf31-49a5-8213-f032311c5765_modalities_covariates_image_sat_image_dinov2_vitb14_sat_alphaearth.pkl,True,-259.8866882324219,-312.3160705566406,-296.8301086425781,3.385607081766658,0.08751205321153363,0.7673977061376318,0.043841987950228756,0.0,0.0,0.0,-0.0017497270365344378
436ddfdd-bc43-44c3-a25d-34671d3430a0,Ursus americanus,american black bear,True,image_sat_env_baseline,Image+sat+env baseline,camera_trap,,,"covariates,image,sat",dinov2_vitb14,alphaearth,/data/vision/beery/scratch/esierra/text-sat-hab-mmocc/.cache2/.cache/fit_results/436ddfdd-bc43-44c3-a25d-34671d3430a0_modalities_covariates_image_sat_image_dinov2_vitb14_sat_alphaearth.pkl,True,-2872.30615234375,-3254.254150390625,-1950.6728515625,0.29299898547964226,0.3610990792205784,0.8139646094448185,0.3519174718091527,0.4685714285714286,0.22905027932960895,0.3076923076923077,0.26578193988096105
5acf63fb-339d-42b1-af7e-95f6151ae5fb,Pecari tajacu,collared peccary,True,image_sat_env_baseline,Image+sat+env baseline,camera_trap,,,"covariates,image,sat",dinov2_vitb14,alphaearth,/data/vision/beery/scratch/esierra/text-sat-hab-mmocc/.cache2/.cache/fit_results/5acf63fb-339d-42b1-af7e-95f6151ae5fb_modalities_covariates_image_sat_image_dinov2_vitb14_sat_alphaearth.pkl,True,-502.519775390625,-527.4453125,-333.00189208984375,0.12818915166580291,0.3249464655161445,0.6101910828025477,0.3879901194057782,0.0,0.0,0.0,0.0
5c7ce479-8a45-40b3-ae21-7c97dfae22f5,Odocoileus virginianus,white-tailed deer,True,image_sat_env_baseline,Image+sat+env baseline,camera_trap,,,"covariates,image,sat",dinov2_vitb14,alphaearth,/data/vision/beery/scratch/esierra/text-sat-hab-mmocc/.cache2/.cache/fit_results/5c7ce479-8a45-40b3-ae21-7c97dfae22f5_modalities_covariates_image_sat_image_dinov2_vitb14_sat_alphaearth.pkl,True,-13905.8623046875,-16769.033203125,-9398.0078125,0.3884359022937415,0.9407304845420632,0.8466663913249985,0.9424769966995992,0.9139928698752228,0.8181092939768648,0.8633971795411493,0.5034883834490202
667a4650-a141-4c4e-844e-58cdeaeb4ae1,Sylvilagus floridanus,eastern cottontail,True,image_sat_env_baseline,Image+sat+env baseline,camera_trap,,,"covariates,image,sat",dinov2_vitb14,alphaearth,/data/vision/beery/scratch/esierra/text-sat-hab-mmocc/.cache2/.cache/fit_results/667a4650-a141-4c4e-844e-58cdeaeb4ae1_modalities_covariates_image_sat_image_dinov2_vitb14_sat_alphaearth.pkl,True,-5002.68505859375,-5478.15869140625,-3142.542236328125,0.20357521962937006,0.33954726128641377,0.7291800907595234,0.3590562937273668,0.43636363636363634,0.0446927374301676,0.08108108108108109,0.0936443947046296
819ea972-9d43-40f8-a47d-f415c816de94,Martes americana,american marten,False,image_sat_env_baseline,Image+sat+env baseline,camera_trap,,,"covariates,image,sat",dinov2_vitb14,alphaearth,/data/vision/beery/scratch/esierra/text-sat-hab-mmocc/.cache2/.cache/fit_results/819ea972-9d43-40f8-a47d-f415c816de94_modalities_covariates_image_sat_image_dinov2_vitb14_sat_alphaearth.pkl,True,-60.91693878173828,-46.268733978271484,-45.88753128051758,-38.426288401881315,0.007764816979765818,0.47215007215007215,0.013764235310645903,0.0,0.0,0.0,0.0
86f5b978-4f30-40cc-bd08-be9e3fba27a0,Sciurus carolinensis,eastern gray squirrel,True,image_sat_env_baseline,Image+sat+env baseline,camera_trap,,,"covariates,image,sat",dinov2_vitb14,alphaearth,/data/vision/beery/scratch/esierra/text-sat-hab-mmocc/.cache2/.cache/fit_results/86f5b978-4f30-40cc-bd08-be9e3fba27a0_modalities_covariates_image_sat_image_dinov2_vitb14_sat_alphaearth.pkl,True,-8856.5869140625,-12743.1767578125,-6042.35546875,0.5800169376392615,0.8566170088952012,0.8813280680062882,0.8556699723858945,0.8080495356037152,0.7473156764495347,0.7764968389735961,0.580355834222968
87be3a5c-e60a-4e7e-88c7-21544914d067,Didelphis virginiana,virginia opossum,True,image_sat_env_baseline,Image+sat+env baseline,camera_trap,,,"covariates,image,sat",dinov2_vitb14,alphaearth,/data/vision/beery/scratch/esierra/text-sat-hab-mmocc/.cache2/.cache/fit_results/87be3a5c-e60a-4e7e-88c7-21544914d067_modalities_covariates_image_sat_image_dinov2_vitb14_sat_alphaearth.pkl,True,-7506.34814453125,-8642.29296875,-5326.3603515625,0.34257174537588553,0.556920428949028,0.772992252677689,0.5549698124558831,0.6705202312138728,0.12379935965848453,0.209009009009009,0.1898430295555741
94d8284e-6193-43b5-b80c-9029cf951675,Meleagris gallopavo,,False,image_sat_env_baseline,Image+sat+env baseline,camera_trap,,,"covariates,image,sat",dinov2_vitb14,alphaearth,/data/vision/beery/scratch/esierra/text-sat-hab-mmocc/.cache2/.cache/fit_results/94d8284e-6193-43b5-b80c-9029cf951675_modalities_covariates_image_sat_image_dinov2_vitb14_sat_alphaearth.pkl,True,-4921.900390625,-4801.458984375,-2893.936279296875,-0.06314022157081856,0.3037777652778856,0.7073076863243233,0.30909461690345286,0.3869565217391304,0.1621129326047359,0.22849807445442877,0.1603382475905083
96fe1a07-7ef1-4a2f-99e1-ec2c9a78b532,Ardea herodias,great blue heron,False,image_sat_env_baseline,Image+sat+env baseline,camera_trap,,,"covariates,image,sat",dinov2_vitb14,alphaearth,/data/vision/beery/scratch/esierra/text-sat-hab-mmocc/.cache2/.cache/fit_results/96fe1a07-7ef1-4a2f-99e1-ec2c9a78b532_modalities_covariates_image_sat_image_dinov2_vitb14_sat_alphaearth.pkl,True,-527.8571166992188,-461.35235595703125,-437.3038635253906,-2.765444068114936,0.21746269664315102,0.7770380652898571,0.22952527520460841,0.0,0.0,0.0,0.0
aaf3b049-36e6-46dd-9a07-8a580e9618b7,Canis latrans,coyote,True,image_sat_env_baseline,Image+sat+env baseline,camera_trap,,,"covariates,image,sat",dinov2_vitb14,alphaearth,/data/vision/beery/scratch/esierra/text-sat-hab-mmocc/.cache2/.cache/fit_results/aaf3b049-36e6-46dd-9a07-8a580e9618b7_modalities_covariates_image_sat_image_dinov2_vitb14_sat_alphaearth.pkl,True,-9217.837890625,-9278.3134765625,-5435.07763671875,0.015735590647478634,0.5056395655162429,0.6279394320005582,0.5042347473033001,0.5539033457249071,0.11686274509803922,0.19300518134715025,0.09891327170053058
ac0e8ba7-7261-4d17-8645-11ed3d02165a,Vulpes vulpes,red fox,True,image_sat_env_baseline,Image+sat+env baseline,camera_trap,,,"covariates,image,sat",dinov2_vitb14,alphaearth,/data/vision/beery/scratch/esierra/text-sat-hab-mmocc/.cache2/.cache/fit_results/ac0e8ba7-7261-4d17-8645-11ed3d02165a_modalities_covariates_image_sat_image_dinov2_vitb14_sat_alphaearth.pkl,True,-4107.82861328125,-5081.09130859375,-2655.75341796875,0.40128952715190297,0.3907412528110315,0.7964899949897777,0.3985957091742926,0.5159574468085106,0.2141280353200883,0.30265210608424337,0.2692379004383549
b57debc1-dff2-48d3-a400-f2b5021e71b0,Procyon lotor,northern raccoon,True,image_sat_env_baseline,Image+sat+env baseline,camera_trap,,,"covariates,image,sat",dinov2_vitb14,alphaearth,/data/vision/beery/scratch/esierra/text-sat-hab-mmocc/.cache2/.cache/fit_results/b57debc1-dff2-48d3-a400-f2b5021e71b0_modalities_covariates_image_sat_image_dinov2_vitb14_sat_alphaearth.pkl,True,-11098.8818359375,-14259.4296875,-7156.525390625,0.4449655689367823,0.8093387358217012,0.8100023938133972,0.7995313974212424,0.7540038436899423,0.6935769004124926,0.7225291589932474,0.4495948407069298
ba76d46e-25de-45e2-90a8-bd279b650f7c,Lynx rufus,bobcat,True,image_sat_env_baseline,Image+sat+env baseline,camera_trap,,,"covariates,image,sat",dinov2_vitb14,alphaearth,/data/vision/beery/scratch/esierra/text-sat-hab-mmocc/.cache2/.cache/fit_results/ba76d46e-25de-45e2-90a8-bd279b650f7c_modalities_covariates_image_sat_image_dinov2_vitb14_sat_alphaearth.pkl,True,-3938.5361328125,-4200.3359375,-2676.748779296875,0.17183119671096414,0.3496746662357013,0.7263333611909338,0.30645790620643626,0.4020618556701031,0.07602339181286549,0.12786885245901639,0.1173298377974469
df4c64cf-306d-4bf2-aa86-9e9c8d81fd41,Mustela frenata,long-tailed weasel,False,image_sat_env_baseline,Image+sat+env baseline,camera_trap,,,"covariates,image,sat",dinov2_vitb14,alphaearth,/data/vision/beery/scratch/esierra/text-sat-hab-mmocc/.cache2/.cache/fit_results/df4c64cf-306d-4bf2-aa86-9e9c8d81fd41_modalities_covariates_image_sat_image_dinov2_vitb14_sat_alphaearth.pkl,True,-361.1292419433594,-374.129638671875,-327.5700378417969,0.2792205366184582,0.044219830894716705,0.7565842280706725,0.04772405488662709,0.0,0.0,0.0,0.0
e07c537d-08b8-4c31-9768-51e4adf5a5ab,Sciurus niger,eastern fox squirrel,True,image_sat_env_baseline,Image+sat+env baseline,camera_trap,,,"covariates,image,sat",dinov2_vitb14,alphaearth,/data/vision/beery/scratch/esierra/text-sat-hab-mmocc/.cache2/.cache/fit_results/e07c537d-08b8-4c31-9768-51e4adf5a5ab_modalities_covariates_image_sat_image_dinov2_vitb14_sat_alphaearth.pkl,True,-3847.087890625,-6794.6728515625,-2603.09423828125,0.7032159558210153,0.4822453700710793,0.8341756538444745,0.3989377214120829,0.46511627906976744,0.05405405405405406,0.09685230024213075,0.12341496102777076
e70effd7-855e-4ba3-966c-a4fbb74eab13,Taxidea taxus,american badger,False,image_sat_env_baseline,Image+sat+env baseline,camera_trap,,,"covariates,image,sat",dinov2_vitb14,alphaearth,/data/vision/beery/scratch/esierra/text-sat-hab-mmocc/.cache2/.cache/fit_results/e70effd7-855e-4ba3-966c-a4fbb74eab13_modalities_covariates_image_sat_image_dinov2_vitb14_sat_alphaearth.pkl,True,-253.91722106933594,-290.5389404296875,-286.203369140625,8.446803643325731,0.08208328615569419,0.8120217897538257,0.10334181360621238,0.0,0.0,0.0,0.0
f67c4346-bbbd-43d5-9b19-b541d493019b,Tamiasciurus douglasii,douglas's squirrel,True,image_sat_env_baseline,Image+sat+env baseline,camera_trap,,,"covariates,image,sat",dinov2_vitb14,alphaearth,/data/vision/beery/scratch/esierra/text-sat-hab-mmocc/.cache2/.cache/fit_results/f67c4346-bbbd-43d5-9b19-b541d493019b_modalities_covariates_image_sat_image_dinov2_vitb14_sat_alphaearth.pkl,True,-525.7164306640625,-659.9481201171875,-281.64984130859375,0.3548302939042494,0.378901292876149,0.7556737588652482,0.446920491516932,0.0,0.0,0.0,0.0
f7fb32b6-1531-44e9-a7e2-a3197edafdb9,Ammospermophilus leucurus,white-tailed antelope squirrel,False,image_sat_env_baseline,Image+sat+env baseline,camera_trap,,,"covariates,image,sat",dinov2_vitb14,alphaearth,/data/vision/beery/scratch/esierra/text-sat-hab-mmocc/.cache2/.cache/fit_results/f7fb32b6-1531-44e9-a7e2-a3197edafdb9_modalities_covariates_image_sat_image_dinov2_vitb14_sat_alphaearth.pkl,True,-180.5050811767578,-340.7539978027344,-160.56483459472656,0.8893371486552023,0.6201411824147789,0.9522222222222223,0.6006574371511032,1.0,0.05555555555555555,0.10526315789473684,0.22807522979332223
febff896-db40-4ac8-bcfe-5bb99a600950,Odocoileus hemionus,mule deer,True,image_sat_env_baseline,Image+sat+env baseline,camera_trap,,,"covariates,image,sat",dinov2_vitb14,alphaearth,/data/vision/beery/scratch/esierra/text-sat-hab-mmocc/.cache2/.cache/fit_results/febff896-db40-4ac8-bcfe-5bb99a600950_modalities_covariates_image_sat_image_dinov2_vitb14_sat_alphaearth.pkl,True,-3086.334228515625,-2724.113525390625,-1568.8446044921875,-0.3135379967144842,0.29934991508627773,0.5566643740510517,0.18638346398646322,0.16910569105691056,0.35494880546075086,0.2290748898678414,-0.26260839936809904
ffe603fc-4920-4302-96d0-65f708bd5b2d,Urocyon cinereoargenteus,grey fox,False,image_sat_env_baseline,Image+sat+env baseline,camera_trap,,,"covariates,image,sat",dinov2_vitb14,alphaearth,/data/vision/beery/scratch/esierra/text-sat-hab-mmocc/.cache2/.cache/fit_results/ffe603fc-4920-4302-96d0-65f708bd5b2d_modalities_covariates_image_sat_image_dinov2_vitb14_sat_alphaearth.pkl,True,-2139.080322265625,-2181.52490234375,-1355.443115234375,0.05138060267209988,0.11978658525703609,0.6995146958304853,0.13104186356534603,0.0,0.0,0.0,0.0
00804e75-09ef-44e5-8984-85e365377d47,Antilocapra americana,pronghorn,False,clip_visdiff,Camera-trap VisDiff refit,camera_trap,image_sat_env_baseline,,"covariates,image,sat",visdiff_clip,alphaearth,/data/vision/beery/scratch/esierra/text-sat-hab-mmocc/.cache2/.cache/fit_results/00804e75-09ef-44e5-8984-85e365377d47_modalities_covariates_image_sat_image_visdiff_clip_sat_alphaearth.pkl,True,-501.5858154296875,-629.1326293945312,-597.5169067382812,4.034284313271248,0.4353464854412987,0.8503059286869681,0.3195817472332172,0.7142857142857143,0.0847457627118644,0.15151515151515152,0.23378800664565555
07843615-e1fc-49d8-9821-fd1d7ff2e773,Dasypus novemcinctus,nine-banded armadillo,True,clip_visdiff,Camera-trap VisDiff refit,camera_trap,image_sat_env_baseline,,"covariates,image,sat",visdiff_clip,alphaearth,/data/vision/beery/scratch/esierra/text-sat-hab-mmocc/.cache2/.cache/fit_results/07843615-e1fc-49d8-9821-fd1d7ff2e773_modalities_covariates_image_sat_image_visdiff_clip_sat_alphaearth.pkl,True,-3267.46826171875,-3498.285888671875,-2302.36328125,0.1930038160669217,0.43662692210917625,0.6629624650864064,0.41981838800526095,0.417910447761194,0.14470284237726097,0.21497120921305182,0.08151193614133699
0f2e2c41-f1bb-4cdd-8e97-ba7cffba3e86,Lepus americanus,snowshoe hare,False,clip_visdiff,Camera-trap VisDiff refit,camera_trap,image_sat_env_baseline,,"covariates,image,sat",visdiff_clip,alphaearth,/data/vision/beery/scratch/esierra/text-sat-hab-mmocc/.cache2/.cache/fit_results/0f2e2c41-f1bb-4cdd-8e97-ba7cffba3e86_modalities_covariates_image_sat_image_visdiff_clip_sat_alphaearth.pkl,True,-1072.350341796875,-1288.0169677734375,-748.8701171875,0.4000146263345115,0.2111831817471119,0.8629584032829696,0.2369250301361188,0.3793103448275862,0.14666666666666667,0.21153846153846154,0.21689225404053372
16ec4010-f175-4de7-8a99-85aadec3963b,Sciurus griseus,western gray squirrel,True,clip_visdiff,Camera-trap VisDiff refit,camera_trap,image_sat_env_baseline,,"covariates,image,sat",visdiff_clip,alphaearth,/data/vision/beery/scratch/esierra/text-sat-hab-mmocc/.cache2/.cache/fit_results/16ec4010-f175-4de7-8a99-85aadec3963b_modalities_covariates_image_sat_image_visdiff_clip_sat_alphaearth.pkl,True,-407.439453125,-385.7362976074219,-304.7391052246094,-0.2679494792239676,0.22042201230491182,0.6704714640198511,0.44919955166924463,0.0,0.0,0.0,0.0
1db1c6e2-2ea9-45a6-ab69-a730133298eb,Tamias striatus,eastern chipmunk,True,clip_visdiff,Camera-trap VisDiff refit,camera_trap,image_sat_env_baseline,,"covariates,image,sat",visdiff_clip,alphaearth,/data/vision/beery/scratch/esierra/text-sat-hab-mmocc/.cache2/.cache/fit_results/1db1c6e2-2ea9-45a6-ab69-a730133298eb_modalities_covariates_image_sat_image_visdiff_clip_sat_alphaearth.pkl,True,-3577.864501953125,-4388.4580078125,-2117.647705078125,0.3569622283654898,0.24896492849878443,0.741531492316586,0.30183114259313637,0.0,0.0,0.0,0.0
41930eb4-2283-445a-8758-1f0b2ff43cf9,Spilogale putorius,eastern spotted skunk,False,clip_visdiff,Camera-trap VisDiff refit,camera_trap,image_sat_env_baseline,,"covariates,image,sat",visdiff_clip,alphaearth,/data/vision/beery/scratch/esierra/text-sat-hab-mmocc/.cache2/.cache/fit_results/41930eb4-2283-445a-8758-1f0b2ff43cf9_modalities_covariates_image_sat_image_visdiff_clip_sat_alphaearth.pkl,True,-42.9649543762207,-44.9064826965332,-44.927940368652344,-90.48177777777778,0.013928261588036023,0.8839613970588235,0.08500380123021634,0.11764705882352941,0.5,0.19047619047619047,0.23990955860638735
43320a08-bf31-49a5-8213-f032311c5765,Castor canadensis,american beaver,False,clip_visdiff,Camera-trap VisDiff refit,camera_trap,image_sat_env_baseline,,"covariates,image,sat",visdiff_clip,alphaearth,/data/vision/beery/scratch/esierra/text-sat-hab-mmocc/.cache2/.cache/fit_results/43320a08-bf31-49a5-8213-f032311c5765_modalities_covariates_image_sat_image_visdiff_clip_sat_alphaearth.pkl,True,-272.0215148925781,-312.3160705566406,-300.0033874511719,3.2726055985445965,0.034716479992875054,0.8076952882827031,0.03226841942731757,0.0,0.0,0.0,0.0
436ddfdd-bc43-44c3-a25d-34671d3430a0,Ursus americanus,american black bear,True,clip_visdiff,Camera-trap VisDiff refit,camera_trap,image_sat_env_baseline,,"covariates,image,sat",visdiff_clip,alphaearth,/data/vision/beery/scratch/esierra/text-sat-hab-mmocc/.cache2/.cache/fit_results/436ddfdd-bc43-44c3-a25d-34671d3430a0_modalities_covariates_image_sat_image_visdiff_clip_sat_alphaearth.pkl,True,-2871.34423828125,-3254.254150390625,-2011.0703125,0.3080074727797928,0.3852511167188378,0.8156055883531218,0.38818920260680717,0.5267175572519084,0.19273743016759776,0.2822085889570552,0.2665697049145259
5acf63fb-339d-42b1-af7e-95f6151ae5fb,Pecari tajacu,collared peccary,True,clip_visdiff,Camera-trap VisDiff refit,camera_trap,image_sat_env_baseline,,"covariates,image,sat",visdiff_clip,alphaearth,/data/vision/beery/scratch/esierra/text-sat-hab-mmocc/.cache2/.cache/fit_results/5acf63fb-339d-42b1-af7e-95f6151ae5fb_modalities_covariates_image_sat_image_visdiff_clip_sat_alphaearth.pkl,True,-492.605224609375,-527.4453125,-332.0204162597656,0.1782786562045623,0.4055761789307029,0.7099363057324841,0.39979123765206476,0.0,0.0,0.0,0.0
5c7ce479-8a45-40b3-ae21-7c97dfae22f5,Odocoileus virginianus,white-tailed deer,True,clip_visdiff,Camera-trap VisDiff refit,camera_trap,image_sat_env_baseline,,"covariates,image,sat",visdiff_clip,alphaearth,/data/vision/beery/scratch/esierra/text-sat-hab-mmocc/.cache2/.cache/fit_results/5c7ce479-8a45-40b3-ae21-7c97dfae22f5_modalities_covariates_image_sat_image_visdiff_clip_sat_alphaearth.pkl,True,-13548.3408203125,-16769.033203125,-9395.935546875,0.4368167265602939,0.9332231502958095,0.8344308959436739,0.9081832303067569,0.899873790492217,0.8532110091743119,0.8759213759213759,0.5006991291027244
667a4650-a141-4c4e-844e-58cdeaeb4ae1,Sylvilagus floridanus,eastern cottontail,True,clip_visdiff,Camera-trap VisDiff refit,camera_trap,image_sat_env_baseline,,"covariates,image,sat",visdiff_clip,alphaearth,/data/vision/beery/scratch/esierra/text-sat-hab-mmocc/.cache2/.cache/fit_results/667a4650-a141-4c4e-844e-58cdeaeb4ae1_modalities_covariates_image_sat_image_visdiff_clip_sat_alphaearth.pkl,True,-5214.5791015625,-5478.15869140625,-3145.2958984375,0.11298546602834039,0.30936598169332585,0.7089982101209524,0.3041335936901451,0.36666666666666664,0.020484171322160148,0.03880070546737213,0.050681962354248954
819ea972-9d43-40f8-a47d-f415c816de94,Martes americana,american marten,False,clip_visdiff,Camera-trap VisDiff refit,camera_trap,image_sat_env_baseline,,"covariates,image,sat",visdiff_clip,alphaearth,/data/vision/beery/scratch/esierra/text-sat-hab-mmocc/.cache2/.cache/fit_results/819ea972-9d43-40f8-a47d-f415c816de94_modalities_covariates_image_sat_image_visdiff_clip_sat_alphaearth.pkl,True,-51.94234085083008,-46.268733978271484,-45.649864196777344,-9.167690913685872,0.04184562083717744,0.8963924963924964,0.13154652508698753,0.14285714285714285,0.2,0.16666666666666666,0.16194735721249828
86f5b978-4f30-40cc-bd08-be9e3fba27a0,Sciurus carolinensis,eastern gray squirrel,True,clip_visdiff,Camera-trap VisDiff refit,camera_trap,image_sat_env_baseline,,"covariates,image,sat",visdiff_clip,alphaearth,/data/vision/beery/scratch/esierra/text-sat-hab-mmocc/.cache2/.cache/fit_results/86f5b978-4f30-40cc-bd08-be9e3fba27a0_modalities_covariates_image_sat_image_visdiff_clip_sat_alphaearth.pkl,True,-9569.447265625,-12743.1767578125,-6057.00537109375,0.4746706760301897,0.8043277665878967,0.8384150980692442,0.8110099047045822,0.7743589743589744,0.6485325697924124,0.7058823529411765,0.4758888242118639
87be3a5c-e60a-4e7e-88c7-21544914d067,Didelphis virginiana,virginia opossum,True,clip_visdiff,Camera-trap VisDiff refit,camera_trap,image_sat_env_baseline,,"covariates,image,sat",visdiff_clip,alphaearth,/data/vision/beery/scratch/esierra/text-sat-hab-mmocc/.cache2/.cache/fit_results/87be3a5c-e60a-4e7e-88c7-21544914d067_modalities_covariates_image_sat_image_visdiff_clip_sat_alphaearth.pkl,True,-8227.3349609375,-8642.29296875,-5285.38818359375,0.1236132790085035,0.4675119666941129,0.6973578943105125,0.4337327553638034,0.489010989010989,0.09498399146211313,0.15907059874888294,0.09520323399409285
94d8284e-6193-43b5-b80c-9029cf951675,Meleagris gallopavo,,False,clip_visdiff,Camera-trap VisDiff refit,camera_trap,image_sat_env_baseline,,"covariates,image,sat",visdiff_clip,alphaearth,/data/vision/beery/scratch/esierra/text-sat-hab-mmocc/.cache2/.cache/fit_results/94d8284e-6193-43b5-b80c-9029cf951675_modalities_covariates_image_sat_image_visdiff_clip_sat_alphaearth.pkl,True,-5088.33544921875,-4801.458984375,-2927.63037109375,-0.15309642664779377,0.2963432772173604,0.6818744136623521,0.3014696607786417,0.3785310734463277,0.122040072859745,0.18457300275482094,0.13403659389338754
96fe1a07-7ef1-4a2f-99e1-ec2c9a78b532,Ardea herodias,great blue heron,False,clip_visdiff,Camera-trap VisDiff refit,camera_trap,image_sat_env_baseline,,"covariates,image,sat",visdiff_clip,alphaearth,/data/vision/beery/scratch/esierra/text-sat-hab-mmocc/.cache2/.cache/fit_results/96fe1a07-7ef1-4a2f-99e1-ec2c9a78b532_modalities_covariates_image_sat_image_visdiff_clip_sat_alphaearth.pkl,True,-512.1239013671875,-461.35235595703125,-434.4853210449219,-1.8897338532609251,0.04123082745063268,0.7151005222055393,0.021702933621603263,0.0,0.0,0.0,-0.0017812816576446469
aaf3b049-36e6-46dd-9a07-8a580e9618b7,Canis latrans,coyote,True,clip_visdiff,Camera-trap VisDiff refit,camera_trap,image_sat_env_baseline,,"covariates,image,sat",visdiff_clip,alphaearth,/data/vision/beery/scratch/esierra/text-sat-hab-mmocc/.cache2/.cache/fit_results/aaf3b049-36e6-46dd-9a07-8a580e9618b7_modalities_covariates_image_sat_image_visdiff_clip_sat_alphaearth.pkl,True,-9384.5625,-9278.3134765625,-5468.328125,-0.027886990010060425,0.4863430391515987,0.6001702602749286,0.4785500048732544,0.5513513513513514,0.08,0.13972602739726028,0.0796083660097405
ac0e8ba7-7261-4d17-8645-11ed3d02165a,Vulpes vulpes,red fox,True,clip_visdiff,Camera-trap VisDiff refit,camera_trap,image_sat_env_baseline,,"covariates,image,sat",visdiff_clip,alphaearth,/data/vision/beery/scratch/esierra/text-sat-hab-mmocc/.cache2/.cache/fit_results/ac0e8ba7-7261-4d17-8645-11ed3d02165a_modalities_covariates_image_sat_image_visdiff_clip_sat_alphaearth.pkl,True,-4311.8115234375,-5081.09130859375,-2756.316162109375,0.33090502809253963,0.3653710913416515,0.7797021885885658,0.35966944419199337,0.5294117647058824,0.2781456953642384,0.36468885672937773,0.31636603531343016
b57debc1-dff2-48d3-a400-f2b5021e71b0,Procyon lotor,northern raccoon,True,clip_visdiff,Camera-trap VisDiff refit,camera_trap,image_sat_env_baseline,,"covariates,image,sat",visdiff_clip,alphaearth,/data/vision/beery/scratch/esierra/text-sat-hab-mmocc/.cache2/.cache/fit_results/b57debc1-dff2-48d3-a400-f2b5021e71b0_modalities_covariates_image_sat_image_visdiff_clip_sat_alphaearth.pkl,True,-11416.6376953125,-14259.4296875,-7129.8603515625,0.39873263842993234,0.77666847348606,0.7869970603671788,0.7640691959037618,0.7406886858749122,0.6210960518562169,0.6756410256410257,0.38952279372700266
ba76d46e-25de-45e2-90a8-bd279b650f7c,Lynx rufus,bobcat,True,clip_visdiff,Camera-trap VisDiff refit,camera_trap,image_sat_env_baseline,,"covariates,image,sat",visdiff_clip,alphaearth,/data/vision/beery/scratch/esierra/text-sat-hab-mmocc/.cache2/.cache/fit_results/ba76d46e-25de-45e2-90a8-bd279b650f7c_modalities_covariates_image_sat_image_visdiff_clip_sat_alphaearth.pkl,True,-3996.994384765625,-4200.3359375,-2690.731201171875,0.13469853918779506,0.3244878319697999,0.7142460197560389,0.26945028927594766,0.26,0.050682261208576995,0.08482871125611746,0.04974450376705488
df4c64cf-306d-4bf2-aa86-9e9c8d81fd41,Mustela frenata,long-tailed weasel,False,clip_visdiff,Camera-trap VisDiff refit,camera_trap,image_sat_env_baseline,,"covariates,image,sat",visdiff_clip,alphaearth,/data/vision/beery/scratch/esierra/text-sat-hab-mmocc/.cache2/.cache/fit_results/df4c64cf-306d-4bf2-aa86-9e9c8d81fd41_modalities_covariates_image_sat_image_visdiff_clip_sat_alphaearth.pkl,True,-358.7991943359375,-374.129638671875,-321.77593994140625,0.2928244748257969,0.020024383779426554,0.7158559732570327,0.014319440577658583,0.0,0.0,0.0,-0.004366600700570399
e07c537d-08b8-4c31-9768-51e4adf5a5ab,Sciurus niger,eastern fox squirrel,True,clip_visdiff,Camera-trap VisDiff refit,camera_trap,image_sat_env_baseline,,"covariates,image,sat",visdiff_clip,alphaearth,/data/vision/beery/scratch/esierra/text-sat-hab-mmocc/.cache2/.cache/fit_results/e07c537d-08b8-4c31-9768-51e4adf5a5ab_modalities_covariates_image_sat_image_visdiff_clip_sat_alphaearth.pkl,True,-4212.32177734375,-6794.6728515625,-2535.1513671875,0.6062537972144209,0.4474464978120082,0.8258088460027071,0.401834709962045,0.47692307692307695,0.16756756756756758,0.248,0.22567835063947986
e70effd7-855e-4ba3-966c-a4fbb74eab13,Taxidea taxus,american badger,False,clip_visdiff,Camera-trap VisDiff refit,camera_trap,image_sat_env_baseline,,"covariates,image,sat",visdiff_clip,alphaearth,/data/vision/beery/scratch/esierra/text-sat-hab-mmocc/.cache2/.cache/fit_results/e70effd7-855e-4ba3-966c-a4fbb74eab13_modalities_covariates_image_sat_image_visdiff_clip_sat_alphaearth.pkl,True,-249.91897583007812,-290.5389404296875,-284.8719482421875,7.1678172927795964,0.125558082141444,0.8259730538922155,0.12804084283856199,0.1,0.28125,0.14754098360655737,0.13826400404837888
f67c4346-bbbd-43d5-9b19-b541d493019b,Tamiasciurus douglasii,douglas's squirrel,True,clip_visdiff,Camera-trap VisDiff refit,camera_trap,image_sat_env_baseline,,"covariates,image,sat",visdiff_clip,alphaearth,/data/vision/beery/scratch/esierra/text-sat-hab-mmocc/.cache2/.cache/fit_results/f67c4346-bbbd-43d5-9b19-b541d493019b_modalities_covariates_image_sat_image_visdiff_clip_sat_alphaearth.pkl,True,-508.30401611328125,-659.9481201171875,-274.32135009765625,0.39324060411113515,0.3380582260720408,0.722872340425532,0.5977909131470415,0.0,0.0,0.0,0.0
f7fb32b6-1531-44e9-a7e2-a3197edafdb9,Ammospermophilus leucurus,white-tailed antelope squirrel,False,clip_visdiff,Camera-trap VisDiff refit,camera_trap,image_sat_env_baseline,,"covariates,image,sat",visdiff_clip,alphaearth,/data/vision/beery/scratch/esierra/text-sat-hab-mmocc/.cache2/.cache/fit_results/f7fb32b6-1531-44e9-a7e2-a3197edafdb9_modalities_covariates_image_sat_image_visdiff_clip_sat_alphaearth.pkl,True,-172.01193237304688,-340.7539978027344,-156.90032958984375,0.9178063569245468,0.6941519281854509,0.9593333333333333,0.61325908016076,1.0,0.1111111111111111,0.2,0.3231528059706172
febff896-db40-4ac8-bcfe-5bb99a600950,Odocoileus hemionus,mule deer,True,clip_visdiff,Camera-trap VisDiff refit,camera_trap,image_sat_env_baseline,,"covariates,image,sat",visdiff_clip,alphaearth,/data/vision/beery/scratch/esierra/text-sat-hab-mmocc/.cache2/.cache/fit_results/febff896-db40-4ac8-bcfe-5bb99a600950_modalities_covariates_image_sat_image_visdiff_clip_sat_alphaearth.pkl,True,-3387.9755859375,-2724.113525390625,-1556.9794921875,-0.5687967634059542,0.20877770862854328,0.3875818096090874,0.1842540061246507,0.09785202863961814,0.13993174061433447,0.1151685393258427,-0.3093909967991685
ffe603fc-4920-4302-96d0-65f708bd5b2d,Urocyon cinereoargenteus,grey fox,False,clip_visdiff,Camera-trap VisDiff refit,camera_trap,image_sat_env_baseline,,"covariates,image,sat",visdiff_clip,alphaearth,/data/vision/beery/scratch/esierra/text-sat-hab-mmocc/.cache2/.cache/fit_results/ffe603fc-4920-4302-96d0-65f708bd5b2d_modalities_covariates_image_sat_image_visdiff_clip_sat_alphaearth.pkl,True,-2188.0517578125,-2181.52490234375,-1355.57080078125,-0.007902201171230715,0.107515872968932,0.6833236500341764,0.13703262663230323,0.0,0.0,0.0,-0.006144342497752621
00804e75-09ef-44e5-8984-85e365377d47,Antilocapra americana,pronghorn,False,clip_expert,Camera-trap expert refit,camera_trap,image_sat_env_baseline,,"covariates,image,sat",expert_clip,alphaearth,/data/vision/beery/scratch/esierra/text-sat-hab-mmocc/.cache2/.cache/fit_results/00804e75-09ef-44e5-8984-85e365377d47_modalities_covariates_image_sat_image_expert_clip_sat_alphaearth.pkl,True,-501.4911193847656,-629.1326293945312,-597.5169067382812,4.037279533274645,0.4528807265769104,0.8462268795273928,0.3564911680905015,0.6666666666666666,0.06779661016949153,0.12307692307692308,0.20064977294223676
07843615-e1fc-49d8-9821-fd1d7ff2e773,Dasypus novemcinctus,nine-banded armadillo,True,clip_expert,Camera-trap expert refit,camera_trap,image_sat_env_baseline,,"covariates,image,sat",expert_clip,alphaearth,/data/vision/beery/scratch/esierra/text-sat-hab-mmocc/.cache2/.cache/fit_results/07843615-e1fc-49d8-9821-fd1d7ff2e773_modalities_sat_image_None_sat_tessera.pkl,True,-3527.190185546875,-3498.285888671875,-2288.6533203125,-0.023895104704565705,0.3891131514805827,0.5704918522501533,0.37656140901406676,0.6,0.031007751937984496,0.05896805896805897,0.0802021571004479
0f2e2c41-f1bb-4cdd-8e97-ba7cffba3e86,Lepus americanus,snowshoe hare,False,clip_expert,Camera-trap expert refit,camera_trap,image_sat_env_baseline,,"covariates,image,sat",expert_clip,alphaearth,/data/vision/beery/scratch/esierra/text-sat-hab-mmocc/.cache2/.cache/fit_results/0f2e2c41-f1bb-4cdd-8e97-ba7cffba3e86_modalities_covariates_image_sat_image_expert_clip_sat_alphaearth.pkl,True,-1358.6170654296875,-1288.0169677734375,-748.8701171875,-0.13094780685359242,0.2066900805940582,0.8358440589442268,0.22376862662048047,0.3142857142857143,0.14666666666666667,0.2,0.19289114666917145
16ec4010-f175-4de7-8a99-85aadec3963b,Sciurus griseus,western gray squirrel,True,clip_expert,Camera-trap expert refit,camera_trap,image_sat_env_baseline,,"covariates,image,sat",expert_clip,alphaearth,/data/vision/beery/scratch/esierra/text-sat-hab-mmocc/.cache2/.cache/fit_results/16ec4010-f175-4de7-8a99-85aadec3963b_modalities_covariates_image_sat_image_expert_clip_sat_alphaearth.pkl,True,-406.6226806640625,-385.7362976074219,-304.7391052246094,-0.25786551906548166,0.27738586383678243,0.6200992555831265,0.36448374529199856,0.0,0.0,0.0,0.0
1db1c6e2-2ea9-45a6-ab69-a730133298eb,Tamias striatus,eastern chipmunk,True,clip_expert,Camera-trap expert refit,camera_trap,image_sat_env_baseline,,"covariates,image,sat",expert_clip,alphaearth,/data/vision/beery/scratch/esierra/text-sat-hab-mmocc/.cache2/.cache/fit_results/1db1c6e2-2ea9-45a6-ab69-a730133298eb_modalities_sat_image_None_sat_tessera.pkl,True,-3647.058349609375,-4388.4580078125,-2136.755859375,0.3292618691675525,0.2839148794042895,0.7198955863108765,0.2936549279661515,0.23809523809523808,0.01483679525222552,0.027932960893854747,0.027811412241484722
41930eb4-2283-445a-8758-1f0b2ff43cf9,Spilogale putorius,eastern spotted skunk,False,clip_expert,Camera-trap expert refit,camera_trap,image_sat_env_baseline,,"covariates,image,sat",expert_clip,alphaearth,/data/vision/beery/scratch/esierra/text-sat-hab-mmocc/.cache2/.cache/fit_results/41930eb4-2283-445a-8758-1f0b2ff43cf9_modalities_sat_image_None_sat_tessera.pkl,True,-43.801753997802734,-44.9064826965332,-44.777679443359375,8.576869539463942,0.00569677445338315,0.6866383272058824,0.006601897548814146,0.0,0.0,0.0,0.0
43320a08-bf31-49a5-8213-f032311c5765,Castor canadensis,american beaver,False,clip_expert,Camera-trap expert refit,camera_trap,image_sat_env_baseline,,"covariates,image,sat",expert_clip,alphaearth,/data/vision/beery/scratch/esierra/text-sat-hab-mmocc/.cache2/.cache/fit_results/43320a08-bf31-49a5-8213-f032311c5765_modalities_covariates_image_sat_image_expert_clip_sat_alphaearth.pkl,True,-265.6296691894531,-312.3160705566406,-300.0033874511719,3.7917325547387364,0.12478845007068944,0.7977758834469932,0.054249550513379326,0.0,0.0,0.0,0.0
436ddfdd-bc43-44c3-a25d-34671d3430a0,Ursus americanus,american black bear,True,clip_expert,Camera-trap expert refit,camera_trap,image_sat_env_baseline,,"covariates,image,sat",expert_clip,alphaearth,/data/vision/beery/scratch/esierra/text-sat-hab-mmocc/.cache2/.cache/fit_results/436ddfdd-bc43-44c3-a25d-34671d3430a0_modalities_sat_image_None_sat_tessera.pkl,True,-3220.996826171875,-3254.254150390625,-1950.6728515625,0.02551227472244899,0.2762259083986719,0.7747021804878693,0.29917178349497164,0.31451612903225806,0.10893854748603352,0.16182572614107885,0.12266632437014578
5acf63fb-339d-42b1-af7e-95f6151ae5fb,Pecari tajacu,collared peccary,True,clip_expert,Camera-trap expert refit,camera_trap,image_sat_env_baseline,,"covariates,image,sat",expert_clip,alphaearth,/data/vision/beery/scratch/esierra/text-sat-hab-mmocc/.cache2/.cache/fit_results/5acf63fb-339d-42b1-af7e-95f6151ae5fb_modalities_sat_image_None_sat_tessera.pkl,True,-532.1962280273438,-527.4453125,-333.00189208984375,-0.02443340853252959,0.3527766323576214,0.5044585987261146,0.3773481197077065,0.0,0.0,0.0,0.0
5c7ce479-8a45-40b3-ae21-7c97dfae22f5,Odocoileus virginianus,white-tailed deer,True,clip_expert,Camera-trap expert refit,camera_trap,image_sat_env_baseline,,"covariates,image,sat",expert_clip,alphaearth,/data/vision/beery/scratch/esierra/text-sat-hab-mmocc/.cache2/.cache/fit_results/5c7ce479-8a45-40b3-ae21-7c97dfae22f5_modalities_sat_image_None_sat_tessera.pkl,True,-14566.60546875,-16769.033203125,-9398.0078125,0.29879529884352396,0.9010874183959217,0.779512188759756,0.8973512913904622,0.8883883883883884,0.7080175508575988,0.7880133185349611,0.3479294960453998
667a4650-a141-4c4e-844e-58cdeaeb4ae1,Sylvilagus floridanus,eastern cottontail,True,clip_expert,Camera-trap expert refit,camera_trap,image_sat_env_baseline,,"covariates,image,sat",expert_clip,alphaearth,/data/vision/beery/scratch/esierra/text-sat-hab-mmocc/.cache2/.cache/fit_results/667a4650-a141-4c4e-844e-58cdeaeb4ae1_modalities_sat_image_None_sat_tessera.pkl,True,-5391.82958984375,-5478.15869140625,-3142.542236328125,0.03696201975919558,0.2333798712189375,0.6449024606317008,0.24786889687880745,0.39316239316239315,0.0856610800744879,0.14067278287461774,0.11539123377080801
819ea972-9d43-40f8-a47d-f415c816de94,Martes americana,american marten,False,clip_expert,Camera-trap expert refit,camera_trap,image_sat_env_baseline,,"covariates,image,sat",expert_clip,alphaearth,/data/vision/beery/scratch/esierra/text-sat-hab-mmocc/.cache2/.cache/fit_results/819ea972-9d43-40f8-a47d-f415c816de94_modalities_sat_image_None_sat_tessera.pkl,True,-57.39069747924805,-46.268733978271484,-45.88753128051758,-29.17598318823176,0.024603580562659846,0.8060606060606061,0.024989030276437035,0.0,0.0,0.0,0.0
86f5b978-4f30-40cc-bd08-be9e3fba27a0,Sciurus carolinensis,eastern gray squirrel,True,clip_expert,Camera-trap expert refit,camera_trap,image_sat_env_baseline,,"covariates,image,sat",expert_clip,alphaearth,/data/vision/beery/scratch/esierra/text-sat-hab-mmocc/.cache2/.cache/fit_results/86f5b978-4f30-40cc-bd08-be9e3fba27a0_modalities_covariates_image_sat_image_expert_clip_sat_alphaearth.pkl,True,-9873.71484375,-12743.1767578125,-6057.00537109375,0.4291636794956124,0.7683179076965205,0.8250738448907458,0.7773827689894229,0.7628596338273758,0.6263421617752326,0.6878930817610063,0.4491896976958091
87be3a5c-e60a-4e7e-88c7-21544914d067,Didelphis virginiana,virginia opossum,True,clip_expert,Camera-trap expert refit,camera_trap,image_sat_env_baseline,,"covariates,image,sat",expert_clip,alphaearth,/data/vision/beery/scratch/esierra/text-sat-hab-mmocc/.cache2/.cache/fit_results/87be3a5c-e60a-4e7e-88c7-21544914d067_modalities_covariates_image_sat_image_expert_clip_sat_alphaearth.pkl,True,-8765.1162109375,-8642.29296875,-5285.38818359375,-0.03658824126636141,0.44434525664813196,0.6814077414312112,0.42845922138377474,0.46564885496183206,0.06510138740661686,0.11423220973782772,0.06923779902173594
94d8284e-6193-43b5-b80c-9029cf951675,Meleagris gallopavo,,False,clip_expert,Camera-trap expert refit,camera_trap,image_sat_env_baseline,,"covariates,image,sat",expert_clip,alphaearth,/data/vision/beery/scratch/esierra/text-sat-hab-mmocc/.cache2/.cache/fit_results/94d8284e-6193-43b5-b80c-9029cf951675_modalities_sat_image_None_sat_tessera.pkl,True,-5131.95166015625,-4801.458984375,-2893.936279296875,-0.17325753182461556,0.22722606514764662,0.5878919711564151,0.22994586243943627,0.23236514522821577,0.10200364298724955,0.14177215189873418,0.0476210136413544
96fe1a07-7ef1-4a2f-99e1-ec2c9a78b532,Ardea herodias,great blue heron,False,clip_expert,Camera-trap expert refit,camera_trap,image_sat_env_baseline,,"covariates,image,sat",expert_clip,alphaearth,/data/vision/beery/scratch/esierra/text-sat-hab-mmocc/.cache2/.cache/fit_results/96fe1a07-7ef1-4a2f-99e1-ec2c9a78b532_modalities_covariates_image_sat_image_expert_clip_sat_alphaearth.pkl,True,-731.1549072265625,-461.35235595703125,-434.4853210449219,-10.042140941571756,0.024247736605192326,0.6155131873424177,0.04271591663234684,0.0,0.0,0.0,-0.0017812816576446469
aaf3b049-36e6-46dd-9a07-8a580e9618b7,Canis latrans,coyote,True,clip_expert,Camera-trap expert refit,camera_trap,image_sat_env_baseline,,"covariates,image,sat",expert_clip,alphaearth,/data/vision/beery/scratch/esierra/text-sat-hab-mmocc/.cache2/.cache/fit_results/aaf3b049-36e6-46dd-9a07-8a580e9618b7_modalities_covariates_image_sat_image_expert_clip_sat_alphaearth.pkl,True,-9371.697265625,-9278.3134765625,-5468.328125,-0.024510275091793383,0.47296850164213944,0.5839281477715641,0.4622431265458602,0.5297297297297298,0.07686274509803921,0.13424657534246576,0.0687195127319471
ac0e8ba7-7261-4d17-8645-11ed3d02165a,Vulpes vulpes,red fox,True,clip_expert,Camera-trap expert refit,camera_trap,image_sat_env_baseline,,"covariates,image,sat",expert_clip,alphaearth,/data/vision/beery/scratch/esierra/text-sat-hab-mmocc/.cache2/.cache/fit_results/ac0e8ba7-7261-4d17-8645-11ed3d02165a_modalities_covariates_image_sat_image_expert_clip_sat_alphaearth.pkl,True,-4263.2080078125,-5081.09130859375,-2756.316162109375,0.35181178791337664,0.3532600110985182,0.7743452874229174,0.3577144024042717,0.5695067264573991,0.2803532008830022,0.3757396449704142,0.3369029963104323
b57debc1-dff2-48d3-a400-f2b5021e71b0,Procyon lotor,northern raccoon,True,clip_expert,Camera-trap expert refit,camera_trap,image_sat_env_baseline,,"covariates,image,sat",expert_clip,alphaearth,/data/vision/beery/scratch/esierra/text-sat-hab-mmocc/.cache2/.cache/fit_results/b57debc1-dff2-48d3-a400-f2b5021e71b0_modalities_sat_image_None_sat_tessera.pkl,True,-13607.62890625,-14259.4296875,-7156.525390625,0.09176538976271535,0.6678437256157684,0.6884223346161525,0.6597887105401722,0.6816479400749064,0.4289923394225103,0.5265822784810127,0.22676401944752617
ba76d46e-25de-45e2-90a8-bd279b650f7c,Lynx rufus,bobcat,True,clip_expert,Camera-trap expert refit,camera_trap,image_sat_env_baseline,,"covariates,image,sat",expert_clip,alphaearth,/data/vision/beery/scratch/esierra/text-sat-hab-mmocc/.cache2/.cache/fit_results/ba76d46e-25de-45e2-90a8-bd279b650f7c_modalities_covariates_image_sat_image_expert_clip_sat_alphaearth.pkl,True,-4009.8525390625,-4200.3359375,-2690.731201171875,0.12618097562466635,0.30696858569220603,0.7104838150912479,0.2713803175886019,0.26666666666666666,0.031189083820662766,0.055846422338568937,0.040797316660937714
df4c64cf-306d-4bf2-aa86-9e9c8d81fd41,Mustela frenata,long-tailed weasel,False,clip_expert,Camera-trap expert refit,camera_trap,image_sat_env_baseline,,"covariates,image,sat",expert_clip,alphaearth,/data/vision/beery/scratch/esierra/text-sat-hab-mmocc/.cache2/.cache/fit_results/df4c64cf-306d-4bf2-aa86-9e9c8d81fd41_modalities_sat_image_None_sat_tessera.pkl,True,-370.62738037109375,-374.129638671875,-327.5700378417969,0.07522096921670222,0.016651831710448782,0.5240139002993475,0.043772932031385985,0.0,0.0,0.0,0.0
e07c537d-08b8-4c31-9768-51e4adf5a5ab,Sciurus niger,eastern fox squirrel,True,clip_expert,Camera-trap expert refit,camera_trap,image_sat_env_baseline,,"covariates,image,sat",expert_clip,alphaearth,/data/vision/beery/scratch/esierra/text-sat-hab-mmocc/.cache2/.cache/fit_results/e07c537d-08b8-4c31-9768-51e4adf5a5ab_modalities_covariates_image_sat_image_expert_clip_sat_alphaearth.pkl,True,-4234.24658203125,-6794.6728515625,-2535.1513671875,0.6011065512695593,0.4476250339712041,0.8230515652971226,0.4179442317549507,0.536723163841808,0.25675675675675674,0.3473491773308958,0.31143144668033346
e70effd7-855e-4ba3-966c-a4fbb74eab13,Taxidea taxus,american badger,False,clip_expert,Camera-trap expert refit,camera_trap,image_sat_env_baseline,,"covariates,image,sat",expert_clip,alphaearth,/data/vision/beery/scratch/esierra/text-sat-hab-mmocc/.cache2/.cache/fit_results/e70effd7-855e-4ba3-966c-a4fbb74eab13_modalities_covariates_image_sat_image_expert_clip_sat_alphaearth.pkl,True,-251.1129150390625,-290.5389404296875,-284.8719482421875,6.957134240909874,0.10315981719902777,0.8205671989354624,0.1320346366163275,0.0967741935483871,0.28125,0.144,0.1349617286846608
f67c4346-bbbd-43d5-9b19-b541d493019b,Tamiasciurus douglasii,douglas's squirrel,True,clip_expert,Camera-trap expert refit,camera_trap,image_sat_env_baseline,,"covariates,image,sat",expert_clip,alphaearth,/data/vision/beery/scratch/esierra/text-sat-hab-mmocc/.cache2/.cache/fit_results/f67c4346-bbbd-43d5-9b19-b541d493019b_modalities_sat_image_None_sat_tessera.pkl,True,-633.4129638671875,-659.9481201171875,-281.64984130859375,0.0701434760252396,0.2838848117967855,0.5932624113475177,0.31227108939565623,0.0,0.0,0.0,0.0
f7fb32b6-1531-44e9-a7e2-a3197edafdb9,Ammospermophilus leucurus,white-tailed antelope squirrel,False,clip_expert,Camera-trap expert refit,camera_trap,image_sat_env_baseline,,"covariates,image,sat",expert_clip,alphaearth,/data/vision/beery/scratch/esierra/text-sat-hab-mmocc/.cache2/.cache/fit_results/f7fb32b6-1531-44e9-a7e2-a3197edafdb9_modalities_sat_image_None_sat_tessera.pkl,True,-183.82504272460938,-340.7539978027344,-160.56483459472656,0.8709122806512423,0.6803751803751804,0.9820000000000001,0.6803751803751804,0.0,0.0,0.0,0.0
febff896-db40-4ac8-bcfe-5bb99a600950,Odocoileus hemionus,mule deer,True,clip_expert,Camera-trap expert refit,camera_trap,image_sat_env_baseline,,"covariates,image,sat",expert_clip,alphaearth,/data/vision/beery/scratch/esierra/text-sat-hab-mmocc/.cache2/.cache/fit_results/febff896-db40-4ac8-bcfe-5bb99a600950_modalities_covariates_image_sat_image_expert_clip_sat_alphaearth.pkl,True,-3401.09130859375,-2724.113525390625,-1556.9794921875,-0.5800343096372595,0.20184609434271542,0.36269611596309315,0.18103415972831816,0.0990990990990991,0.15017064846416384,0.11940298507462686,-0.32232617712834816
ffe603fc-4920-4302-96d0-65f708bd5b2d,Urocyon cinereoargenteus,grey fox,False,clip_expert,Camera-trap expert refit,camera_trap,image_sat_env_baseline,,"covariates,image,sat",expert_clip,alphaearth,/data/vision/beery/scratch/esierra/text-sat-hab-mmocc/.cache2/.cache/fit_results/ffe603fc-4920-4302-96d0-65f708bd5b2d_modalities_sat_image_None_sat_tessera.pkl,True,-2150.87548828125,-2181.52490234375,-1355.443115234375,0.037102154460696216,0.08418012627874191,0.6478434723171564,0.07601246605395147,0.0,0.0,0.0,-0.013048100633522665
